USE course_mapping;
SET names 'utf8';

INSERT INTO users (id, email, password, username, role, enabled, create_at, update_at) VALUES
(1, 'thanhhuyennt02@gmail.com', '$2a$10$JS5wbPFgs/n4pmsHjkIOBONvlvaGaTj0bIubHO6bVNSN3mxj4vqpK', 'Admin', 'ADMIN', true, '2024-02-18', '2024-02-18'),
(2, '20020420@vnu.edu.vn', '$2a$10$JS5wbPFgs/n4pmsHjkIOBONvlvaGaTj0bIubHO6bVNSN3mxj4vqpK', 'qhi_admin', 'UNIVERSITY', true, '2024-02-18', '2024-02-18'),
(3, '20020421@neu.edu.vn', '$2a$10$JS5wbPFgs/n4pmsHjkIOBONvlvaGaTj0bIubHO6bVNSN3mxj4vqpK', 'bka_admin', 'UNIVERSITY', true, '2024-02-18', '2024-02-18'),
(4, '20020422@hust.edu.vn', '$2a$10$JS5wbPFgs/n4pmsHjkIOBONvlvaGaTj0bIubHO6bVNSN3mxj4vqpK', 'kha_admin', 'UNIVERSITY', true, '2024-02-18', '2024-02-18'),
(5, 'thanhhuyen@gmail.com', '$2a$10$JS5wbPFgs/n4pmsHjkIOBONvlvaGaTj0bIubHO6bVNSN3mxj4vqpK', 'Huyen', 'USER', true, '2024-02-18', '2024-02-18');

INSERT INTO address (id, detail, district, city, country) VALUES
(1, '144 Xuân Thủy', 'Cầu Giấy', 'Hà Nội', 'Việt Nam'),
(2, 'Số 1 Đại Cồ Việt', 'Hai Bà Trưng', 'Hà Nội', 'Việt Nam'),
(3, '207 Đường Giải Phóng', 'Hai Bà Trưng', 'Hà Nội', 'Việt Nam'),
(4, '91 Chùa Láng', 'Đống Đa', 'Hà Nội', 'Việt Nam'),
(5, '122 Hoàng Quốc Việt', 'Cầu Giấy', 'Hà Nội', 'Việt Nam'),
(6, 'Pontypridd', 'Pontypridd', 'Wales', 'United Kingdom');

INSERT INTO university (id, user_id, name, code, introduction, address_id ) VALUES
(1, 2,'Đại học Công nghệ - ĐHQGHN', 'QHI', 'Đại học Công nghệ - ĐHQGHN được thành lập năm 2005. Đào tạo 20 chuyên ngành.', 1),
(2, 3,'Đại học Kinh tế Quốc dân', 'KHA', 'Đại học Kinh tế Quốc dân được thành lập năm 2009. Đào tạo 25 chuyên ngành', 3),
(3, 4,'Đại học Bách khoa Hà Nội', 'BKA', 'Đại học Bách Khoa Hà Nội được thành lập năm 2010. Đào tạo 30 chuyên ngành', 2),
(4, null,'Đại học Ngoại thương', 'FTU', 'Đại học Ngoại thương được thành lập năm 2012. Đào tạo 15 chuyên ngành', 4),
(5, null, 'Học viện Bưu chính viễn thông', 'PTIT', 'Học viện Bưu chính viễn thông được thành lập năm 2015. Đào tạo 10 chuyên ngành', 5),
(6, null, 'The University of South Wales', 'USW', 'The University of South Wales is a public university in Wales, United Kingdom.', 6);

INSERT INTO majors (id, code, name) VALUES
(1, '7480201', 'Công nghệ thông tin'),
(2, '7480202', 'Kỹ thuật phần mềm'),
(3, '7480101', 'Khoa học máy tính'),
(4, '7480204', 'Kỹ thuật điện tử - viễn thông'),
(5, '7480205', 'Kỹ thuật điều khiển và tự động hóa'),
(6, '7480206', 'Kỹ thuật máy tính và mạng'),
(7, '7480207', 'Kỹ thuật máy tính và robot'),
(8, '7480208', 'Kỹ thuật máy tính và truyền thông'),
(9, '7480209', 'Trí tuệ nhân tạo'),
(10, '7480210', 'Hệ thống thông tin'),
(11, '7310106', 'Kinh tế quốc tế'),
(12, '7310101', 'Kinh tế'),
(13, '7340301', 'Kế toán'),
(14, '7340302', 'Kiểm toán'),
(15,'7340201', 'Tài chính - Ngân hàng'),
(16,'7340204', 'Bảo hiểm'),
(17, '7340205','Công nghệ tài chính'),
(18,'7340401', 'Khoa học quản lý'),
(19,'7340403', 'Quản lý công'),
(20,'7340404', 'Quản trị nhân lực');



INSERT INTO program_educations (id, name, code, language, durationYear, levelOfEducation, numCredits, startYear, endYear, universityId, majorId, introduction, sourceLinks, outline) VALUES
(1, 'Công nghệ thông tin','CN1', 'VI', 4, 'BACHELOR', 120, 2020, 2025, 1, 1, 'Ngành Công nghệ Thông tin đào tạo kiến thức cũng như các kỹ năng quan trọng và hiện đại về Công nghệ thông tin với mục tiêu đạt trình độ chung của khu vực và quốc tế, cho phép sinh viên sau khi tốt nghiệp có thể nhanh chóng đáp ứng các nhu cầu về hoạt động công nghệ thông tin của xã hội cũng như tiếp tục học tập, nghiên cứu và phát triển ngành Công nghệ Thông tin. Sinh viên tốt nghiệp ngành CNTT có thể làm việc tại các công ty công nghệ với nhiều vị trí khác nhau từ lập trình viên, lập trình các hệ thống thông minh, phân tích thiết kế hệ thống, kiểm thử phần mềm, quản trị mạng…','[{"name":"Chương trình đào tạo ngành công nghệ thông tin chuẩn - UET","link":"https://uet.vnu.edu.vn/chuong-trinh-dao-tao-nganh-cong-nghe-thong-tin-4/"},{"name":"Nội dung chương trình đào tạo ngành công nghệ thông tin chuẩn - UET","link":"https://uet.vnu.edu.vn/chuong-trinh-dao-tao-nganh-cong-nghe-thong-tin-10/"}]', 'https://firebasestorage.googleapis.com/v0/b/course-mapping-489fd.appspot.com/o/program_educations%2FVN_QHI_CN1_2022.txt?alt=media&token=7eb720dc-1e77-4feb-b729-0f7ec04d9aa0'),
(2, 'Khoa học máy tính', 'CN8', 'VI', 4.5, 'BACHELOR', 130, 2020, 2025, 1, 1, 'Ngành Khoa học máy tính cung cấp cho sinh viên các kiến thức, kỹ năng cơ bản và hiện đại trong các lĩnh vực truyền thống của CNTT như công nghệ phần mềm, cơ sở dữ liệu, mạng máy tính, kiến trúc máy tính; song các lĩnh vực mới và không kém phần thú vị như xử lý ngôn ngữ tự nhiên, học máy – trí tuệ nhân tạo, tin sinh học, xử lý tiếng nói, xử lý ảnh, tương tác người – máy,… cũng được chú trọng phát triển và đào tạo.','[{"name":"Chương trình đào tạo ngành Khoa học máy tính - UET","link":"https://uet.vnu.edu.vn/chuong-trinh-dao-tao-nganh-cong-nghe-thong-tin-chat-luong-cao-8/"}]', 'https://firebasestorage.googleapis.com/v0/b/course-mapping-489fd.appspot.com/o/program_educations%2FVN_QHI_CN8.txt?alt=media&token=0a2f56e9-fbc7-4f60-9865-1186f9032d43'),
(3, 'Kỹ thuật máy tính','CN2', 'VI', 4, 'ENGINEER', 120, 2019, 2025, 1, 3, 'Ngành Khoa học máy tính cung cấp cho sinh viên các kiến thức, kỹ năng cơ bản và hiện đại trong các lĩnh vực truyền thống của CNTT như công nghệ phần mềm, cơ sở dữ liệu, mạng máy tính, kiến trúc máy tính; song các lĩnh vực mới và không kém phần thú vị như xử lý ngôn ngữ tự nhiên, học máy – trí tuệ nhân tạo, tin sinh học, xử lý tiếng nói, xử lý ảnh, tương tác người – máy,… cũng được chú trọng phát triển và đào tạo.','[{"name":"Chương trình đào tạo ngành Kỹ thuật máy tính - UET","link":"https://uet.vnu.edu.vn/chuong-trinh-dao-tao-nganh-ky-thuat-may-tinh-4/"}]','https://firebasestorage.googleapis.com/v0/b/course-mapping-489fd.appspot.com/o/program_educations%2FVN_QHI_CN2.txt?alt=media&token=85f806a1-dcd3-498d-8bd2-d87ed2bb1fbe'),
(4, 'Trí tuệ nhân tạo','CN12', 'VI', 4, 'BACHELOR', 120, 2019, 2025, 1, 9, 'Ngành Trí tuệ nhân tạo là một đổi mới trong thông tin tuyển sinh năm 2022 của trường Đại học Công nghệ – Đại học Quốc gia Hà Nội, một hướng phát triển mới dành cho sinh viên nhóm ngành Công nghệ thông tin. Sinh viên ngành Trí tuệ nhân tạo sẽ được giới thiệu và đi sâu nghiên cứu các hệ chuyên gia, tương tác người – máy và ứng dụng trong các môi trường như hệ đa phương tiện; xử lý hình ảnh, âm thanh; phân tích dữ liệu lớn.','[{"name":"Chương trình đào tạo ngành Trí tuệ nhân tạo - UET","link":"https://uet.vnu.edu.vn/chuong-trinh-dao-tao-nganh-tri-tue-nhan-tao-4/"}]','https://firebasestorage.googleapis.com/v0/b/course-mapping-489fd.appspot.com/o/program_educations%2FVN_QHI_CN12.txt?alt=media&token=a3fe6742-3dac-46a7-8785-256c97957145'),
(5, 'Kế toán','7340301', 'VI', 4, 'BACHELOR', 120, 2019, 2025, 2, 13, null,null,'https://firebasestorage.googleapis.com/v0/b/course-mapping-489fd.appspot.com/o/program_educations%2FVN_KHA_7340301.doc?alt=media&token=705d779c-4317-48c5-859f-53e9715df6b2'),
(6, 'Kinh tế quốc tế - TT23','7310106', 'VI', 4, 'BACHELOR', 110, 2019, 2022, 2, 11, null, null,'https://firebasestorage.googleapis.com/v0/b/course-mapping-489fd.appspot.com/o/program_educations%2FVN_KHA_7310106.doc?alt=media&token=ca2987ae-7c6e-4353-9123-e54bc7ccb9d2'),
(7, 'Hệ thống thông tin', 'CN14', 'VI', 4.5, 'BACHELOR', 130, 2020, 2023, 1, 1, 'Chương trình đào tạo cử nhân Hệ thống thông tin (HTTT)  tại Trường Đại học Công nghệ (ĐHCN) thuộc Đại học Quốc gia Hà Nội (ĐHQGHN) nhằm mục tiêu đào tạo các sinh viên trở thành các chuyên gia HTTT chất lượng cao có phẩm chất tốt, có trình độ chuyên môn giỏi, có năng lực tự học suốt đời về HTTT, định hướng vào bốn chủ đề hiện đại của Công nghệ Thông tin (CNTT) trong thời đại số hóa (còn được gọi là Công nghiệp 4.0) là tích hợp dịch vụ, quản lý dữ liệu lớn, khoa học dữ liệu và phân tích kinh doanh.','[{"name":"Chương trình đào tạo ngành Hệ thống thông tin - UET","link":"https://uet.vnu.edu.vn/chuong-trinh-dao-tao-nganh-thong-thong-tin-12/"}]','https://firebasestorage.googleapis.com/v0/b/course-mapping-489fd.appspot.com/o/program_educations%2FVN_QHI_CN14.txt?alt=media&token=add76e16-93cc-4ec3-9535-a1ac6b56c565'),
(8, 'Khoa học máy tính', 'IT1', 'VI', 4, 'BACHELOR', 130, 2020, 2025, 3, 1, 'Ngành Khoa học máy tính cung cấp cho sinh viên các kiến thức, kỹ năng cơ bản và hiện đại trong các lĩnh vực truyền thống của CNTT như công nghệ phần mềm, cơ sở dữ liệu, mạng máy tính, kiến trúc máy tính; song các lĩnh vực mới và không kém phần thú vị như xử lý ngôn ngữ tự nhiên, học máy – trí tuệ nhân tạo, tin sinh học, xử lý tiếng nói, xử lý ảnh, tương tác người – máy,… cũng được chú trọng phát triển và đào tạo.', '[{"name":"Tổng hợp các chương trình đào tạo Đại học Bách Khoa Hà Nội","link":"https://ts.hust.edu.vn/tin-tuc/chuong-trinh-dao-tao-chuan-truong-dai-hoc-bach-khoa-ha-noi"}]','https://firebasestorage.googleapis.com/v0/b/course-mapping-489fd.appspot.com/o/program_educations%2FVN_BKA_IT1.pdf?alt=media&token=01551740-3bf6-49f6-9569-4078c9fbbfc9'),
(9, 'Kỹ thuật máy tính','IT2', 'VI', 4, 'BACHELOR', 120, 2019, 2025, 3, 3, 'Ngành Kỹ thuật máy tính cung cấp cho sinh viên các kiến thức, kỹ năng cơ bản và hiện đại trong các lĩnh vực truyền thống của CNTT như công nghệ phần mềm, cơ sở dữ liệu, mạng máy tính, kiến trúc máy tính; song các lĩnh vực mới và không kém phần thú vị như xử lý ngôn ngữ tự nhiên, học máy – trí tuệ nhân tạo, tin sinh học, xử lý tiếng nói, xử lý ảnh, tương tác người – máy,… cũng được chú trọng phát triển và đào tạo.', '[{"name":"Tổng hợp các chương trình đào tạo Đại học Bách Khoa Hà Nội","link":"https://ts.hust.edu.vn/tin-tuc/chuong-trinh-dao-tao-chuan-truong-dai-hoc-bach-khoa-ha-noi"}]','https://firebasestorage.googleapis.com/v0/b/course-mapping-489fd.appspot.com/o/program_educations%2FVN_BKA_IT2.pdf?alt=media&token=8080fe3a-f956-45b2-8a05-089806ee288a'),

(10, 'Công nghệ thông tin', '', 'VI',4, 'BACHELOR', 145, null,null,5,1,'', '[{"name":"Tổng hợp các chương trình đào tạo Học viện Bưu chính viễn thông","link":"https://portal.ptit.edu.vn/chuong-trinh-dao-tao/"}]','https://firebasestorage.googleapis.com/v0/b/course-mapping-489fd.appspot.com/o/program_educations%2FVN_BVH_7480201.pdf?alt=media&token=1d097c44-95b1-4da5-a430-b1a0951108d9'),
(11, 'Khoa học máy tính', '', 'VI', 4, 'ENGINEER', 150, null, null,5,3,'', '[{"name":"Tổng hợp các chương trình đào tạo Học viện Bưu chính viễn thông","link":"https://portal.ptit.edu.vn/chuong-trinh-dao-tao/"}]', 'https://firebasestorage.googleapis.com/v0/b/course-mapping-489fd.appspot.com/o/program_educations%2FVN_BVH_7480101.pdf?alt=media&token=3c54d366-29d6-41a3-8f15-f137200c1f1c'),
(12, 'Information Technology','I200', 'EN', 4, 'BACHELOR',150, null, null, 6, 1, 'The Information Technology program at the University of South Wales is designed to provide students with a solid foundation in the principles of computer science and information systems. The program covers a wide range of topics, including programming, databases, networks, software engineering, and web development. Students will also have the opportunity to gain practical experience through a range of hands-on projects and work placements.','[{"name":"Information Technology program - USW","link":"https://www.southwales.ac.uk/courses/ba-hons-information-technology/"}]','https://firebasestorage.googleapis.com/v0/b/course-mapping-489fd.appspot.com/o/program_educations%2FEN_USW_I200.pdf?alt=media&token=575fdb4b-22ec-4703-9583-f472e8f7b929'),
(13, 'Computer Science','I100', 'EN', 4, 'BACHELOR',150, null, null, 6, 3, 'The Computer Science program at the University of South Wales is designed to provide students with a solid foundation in the principles of computer science and information systems. The program covers a wide range of topics, including programming, databases, networks, software engineering, and web development. Students will also have the opportunity to gain practical experience through a range of hands-on projects and work placements.','[{"name":"Computer Science program - USW","link":"https://www.southwales.ac.uk/courses/ba-hons-computer-science/"}]', 'https://firebasestorage.googleapis.com/v0/b/course-mapping-489fd.appspot.com/o/program_educations%2FEN_USW_I100.pdf?alt=media&token=927bc484-69fa-4440-ac18-8aabd5c8101f'),
(14, 'Artificial Intelligence','AI', 'EN', 4, 'BACHELOR',150, null, null, 6, 9, 'The Artificial Intelligence program at the University of South Wales is designed to provide students with a solid foundation in the principles of computer science and information systems. The program covers a wide range of topics, including programming, databases, networks, software engineering, and web development. Students will also have the opportunity to gain practical experience through a range of hands-on projects and work placements.','[{"name":"Artificial Intelligence program - USW","link":"https://www.southwales.ac.uk/courses/ba-hons-artificial-intelligence/"}]','https://firebasestorage.googleapis.com/v0/b/course-mapping-489fd.appspot.com/o/program_educations%2FEN_USW_AI.pdf?alt=media&token=55f792bd-92cd-41a0-96c3-5b267c68985d'),
(15, 'Kế toán','7340301', 'VI', 4, 'BACHELOR', 150, 2019, 2025, 5, 13, null,null,'https://firebasestorage.googleapis.com/v0/b/course-mapping-489fd.appspot.com/o/program_educations%2FVN_BVH_7340301.pdf?alt=media&token=fba747cf-2488-4d0a-823b-97efa5a96c81'),
(16, 'Bảo hiểm','7340204', 'VI', 4, 'BACHELOR', 110, 2019, 2022, 2, 16, null, null,'https://firebasestorage.googleapis.com/v0/b/course-mapping-489fd.appspot.com/o/program_educations%2FVN_KHA_7340204.doc?alt=media&token=bd929074-6a82-4cf0-8ec9-4dc2caa1c226');

INSERT INTO courses (id, name, code, language, university_id) VALUES
(1, 'Công nghệ phần mềm', 'INT2208', 'VI', 1),
(2, 'Nhập môn lập trình', 'INT1008', 'VI', 1),
(3, 'Lập trình nâng cao', 'INT2215', 'VI', 1),
(4, 'Triết học Mác-Lênin', 'PHI1006', 'VI', 1),
(5, 'Giải tích 1', 'MI1111', 'VI', 3),
(6, 'Giải tích 2', 'MI1112', 'VI', 3),
(7, 'Xác suất thống kê', 'MAT1101', 'VI', 1),
(8, 'Kinh tế học', 'NEU1111', 'VI', 2),
(9, 'Kế toán cơ bản', 'NEU1112', 'VI', 2),
(10, 'Kế toán quản trị', 'NEU1113', 'VI', 2),
(11, 'Phát triển ứng dụng web', 'INT3306', 'VI', 1),
(12, 'Nhập môn Công nghệ phần mềm', 'IT3180', 'VI', 3),
(13, 'Xác suất thống kê', 'MI2020', 'VI', 3),
(14, 'Giải tích 1', 'MAT1041', 'VI', 1),
(15, 'Giải tích 2', 'MAT1042', 'VI', 1),

(16, 'Kinh tế chính trị Mác-Lênin','PEC1008', 'VI', 1),
(17, 'Chủ nghĩa xã hội khoa học', 'PHI1002', 'VI', 1),
(18, 'Đại số', 'MAT1093', 'VI', 1),
(19, 'Vật lý đại cương 1', 'EPN1095','VI', 1),
(20, 'Vật lý đại cương 2','EPN1096','VI', 1),
(21,'Giới thiệu về công nghệ thông tin','INT1007','VI', 1),
(22, 'Tín hiệu và hệ thống','ELT2035','VI', 1),
(23, 'Toán rời rạc','INT1050','VI', 1),
(24, 'Kiến trúc máy tính','INT2212', 'VI', 1),
(25, 'Nguyên lý hệ điều hành','INT2214', 'VI', 1),
(26, 'Cơ sở dữ liệu','INT2211', 'VI', 1),
(27, 'Mạng máy tính','INT2213', 'VI', 1),
(28, 'Lập trình hướng đối tượng','INT2204', 'VI', 1),
(29, 'Tư tưởng Hồ Chí Minh','POL1001', 'VI', 1),

(30, 'Những NLCB của CN Mác-Lênin 1','SSH1110', 'VI', 3),
(31, 'Những NLCB của CN Mác-Lênin 2','SSH1120', 'VI', 3),
(32, 'Tư tưởng Hồ Chí Minh','SSH1050', 'VI', 3),
(33, 'Giải tích 3','MI1131', 'VI', 3),
(34, 'Đại số','MI1141', 'VI', 3),
(35, 'Vật lý đại cương 1','PH1110', 'VI', 3),
(36, 'Vật lý đại cương 2','PH1120', 'VI', 3),
(37, 'Tin học đại cương','IT1110', 'VI', 3),
(38, 'Toán rời rạc','IT3020', 'VI', 3),
(39, 'Nhập môn Công nghệ thông tin và thuật toán','IT2000', 'VI', 3),
(40, 'Cấu trúc dữ liệu và thuật toán','IT3011', 'VI', 3),
(41, 'Kiến trúc máy tính','IT3030', 'VI', 3),
(42, 'Kỹ thuật lập trình','IT3040', 'VI', 3),
(43, 'Nguyên lý hệ điều hành','IT3070', 'VI', 3),
(44, 'Mạng máy tính','IT3080', 'VI', 3),
(45, 'Cơ sở dữ liệu','IT3090', 'VI', 3),
(46, 'Lập trình hướng đối tượng','IT3100', 'VI', 3),
(47, 'Thuật toán ứng dụng','IT3170', 'VI', 3),
(48, 'Làm việc nhóm và kỹ năng giao tiếp','IT4480', 'VI', 3),
(49, 'Project 1','IT3150', 'VI', 3),
(50, 'Nhập môn trí tuệ nhân tạo','IT3160', 'VI', 3),
(51, 'Cấu trúc dữ liệu và giải thuật','INT2210', 'VI', 1),
(52, 'Nhập môn kỹ thuật công nghệ','ELT1007', 'VI', 1),
(53, 'Linh kiện điện tử','ELT2032', 'VI', 1),

(54, 'Điện tử cho CNTT', 'IT3420', 'VI', 3),

(55, 'Trí tuệ nhân tạo', 'INT3401E', 'VI', 1),
(56, 'Giới thiệu về trí tuệ nhân tạo','AIT1002', 'VI', 1),
(57, 'Cơ sở hệ thống máy tính', 'AIT2002', 'VI', 1),
(58, 'Lập trình trí tuệ nhân tạo','AIT3002', 'VI', 1),
(59, 'Lập trình xử lý dữ liệu','AIT2006', 'VI', 1),

(60,'Những nguyên lý cơ bản của chủ nghĩa Mác-Lênin 1', 'BAS1111', 'VI', 5),
(61, 'Tư tưởng Hồ Chí Minh', 'BAS1122', 'VI', 5),
(62, 'Giải tích 1', 'BAS1203', 'VI', 5),
(63, 'Giải tích 2', 'BAS1204', 'VI', 5),
(64, 'Đại số', 'BAS1201', 'VI', 5),
(65, 'Vật lý 1 và thí nghiệm', 'BAS1224', 'VI', 5),
(66, 'Toán rời rạc 1', 'INT1358', 'VI', 5),
(67, 'Toán rời rạc 2', 'INT1359', 'VI', 5),
(68, 'Ngôn ngữ lập trình C++', 'INT1339', 'VI', 5),
(69, 'Cấu trúc dữ liệu và giải thuật', 'INT306', 'VI', 5),
(70, 'Cơ sở dữ liệu', 'INT1313', 'VI', 5),
(71, 'Hệ điều hành', 'INT1319', 'VI', 5),
(72, 'Học máy', 'INT14153', 'VI', 5),
(73, 'Nhập môn học sâu', 'INT14154', 'VI', 5);



INSERT INTO program_education_course (id, course_id, program_education_id, compulsory, num_credits) VALUES
(1, 1, 1, true, 3),
(2,2,1,true, 4),
(3,3,1,true, 4),
(4,4,1,true,3),
(5,14,1,true,4),
(6,15,1,true,4),
(7,7,1,false,3),
(8,11,1,true, 3),
(9, 1, 2, true, 3),
(10,2,2,true, 4),
(11,3,2,true, 4),
(12,4,2,true,3),
(13,14,2,true,4),
(14,15,2,true,4),
(15,7,2,true,3),
(16,11,2,true, 3),
(17, 1, 3, false, 3),
(18,2,3,true, 4),
(19,3,3,true, 4),
(20,4,3,true,3),
(21,14,3,true,4),
(22,15,3,true,4),
(23,7,3,false,3),
(24,11,3,true, 3),
(25, 5,8,true,4),
(26, 6,8,true,4),
(27,13,8,true, 3),
(28,12,8,true,3),
(29,16,1, true,3),
(30,17,1, true, 3),
(31,18,1, true, 4),
(32,19,1, true, 3),
(33,20,1, true, 3),
(34,21,1, true, 3),
(35,51,1, true, 4),
(36,22,1, true, 4),
(37,23,1, true, 4),
(38,24,1, true, 4),
(39,25,1, true, 4),
(40,26,1, true, 4),
(41,27,1, true, 4),
(42,28,1, true, 4),
(43,29,1, true, 4),

(44,16,2, true,3),
(45,17,2, true, 3),
(46,18,2, true, 4),
(47,19,2, true, 3),
(48,20,2, true, 3),
(49,21,2, true, 3),
(50,51,2, true, 4),
(51,22,2, true, 4),
(52,23,2, true, 4),
(53,24,2, true, 4),
(54,25,2, true, 4),
(55,26,2, true, 4),
(56,27,2, true, 4),
(57,28,2, true, 4),
(58,29,2, true, 4),

(59,16,3, true,3),
(60 ,17,3, true, 3),
(61,18,3, true, 4),
(62,19,3, true, 3),
(63,20,3, true, 3),
(64,21,3, true, 3),
(65,51,3, true, 4),
(66,22, 3, true, 4),
(67,23,3, true, 4),
(68,24,3, true, 4),
(69,25,3, true, 4),
(70,26,3, true, 4),
(71,27,3, true, 4),
(72,28,3, true, 4),
(73,29,3, true, 4),

(74, 30, 8,true,4),
(75, 31, 8,true, 4),
(76, 32, 8,true, 4),
(77, 33, 8,true, 4),
(78, 34, 8,true, 4),
(79, 35, 8,true, 4),
(80, 36, 8,true, 4),
(81, 37, 8,true, 4),
(82, 38, 8,true, 4),
(83, 39, 8,true, 4),
(84, 40, 8,true, 4),
(85, 41, 8,true, 4),
(86, 42, 8,true, 4),
(87, 43, 8,true, 4),
(88, 44, 8,true, 4),
(89, 45, 8,true, 4),
(90, 46, 8,true, 4),
(91, 47, 8,true, 4),
(92, 48, 8,true, 4),
(93, 49, 8,true, 4),
(94, 50, 8,true, 4),

(95,30, 9, true, 4),
(96,31, 9, true, 4),
(97,32, 9, true, 4),
(98,33, 9, true, 4),
(99,34, 9, true, 4),
(100,35, 9, true, 4),
(101,36, 9, true, 4),
(102,37, 9, true, 4),
(103,38, 9, true, 4),
(104,39, 9, true, 4),
(105,40, 9, true, 4),
(106,41, 9, true, 4),
(107,42, 9, true, 4),
(108,43, 9, true, 4),
(109,44, 9, true, 4),
(110,45, 9, true, 4),
(111,46, 9, true, 4),
(112,47, 9, true, 4),
(113,48, 9, true, 4),
(114,49, 9, true, 4),
(115,50, 9, true, 4),

(116, 1,4,true, 3),
(117, 2,4,true, 4),
(119, 4,4,true,3),
(120, 14,4,true,4),
(121, 15,4,true,4),
(122, 7,4,true,3),
(123, 16,4,true, 3),
(124, 17, 4,true, 3),
(125, 18,4, true, 4),
(126, 19,4, true, 3),
(127, 20,4, true, 3),
(128, 22,4, true, 4),
(129, 26,4, true, 3),
(130, 28,4, true, 4),
(131, 29,4, true, 4),

(132, 55,1, true, 4),

(133, 56,4, true, 4),
(134, 57,4, true, 4),
(135, 58,4, true, 4),
(136, 59,4, true, 4),

(137,54,3,true, 4),

(138, 55, 2, true, 4),

(139, 60, 10, true, 2),
(140, 61, 10, true, 2),
(141, 62, 10, true, 3),
(142, 63, 10, true, 3),
(143, 64, 10, true, 3),
(144, 65, 10, true, 3),
(145, 66, 10, true, 3),
(146, 67, 10, true, 3),
(147, 68, 10, true, 3),
(148, 69, 10, true, 3),
(149, 70, 10, true, 3),
(150, 71, 10, true, 3),
(151, 60, 11, true, 3),
(152, 61, 11, true, 3),
(153, 62, 11, true, 3),
(154, 63, 11, true, 3),
(155, 64, 11, true, 3),
(156, 65, 11, true, 3),
(157, 66, 11, true, 3),
(158, 67, 11, true, 3),
(159, 68, 11, true, 3),
(160, 69, 11, true, 3),
(161, 70, 11, true, 3),
(162, 71, 11, true, 3),
(163, 72, 11, true, 3),
(164, 73, 11, true, 3);
