USE course_mapping;
SET names 'utf8';

INSERT INTO users (id, email, password, username, role, enabled, createAt, updateAt) VALUES
(1, 'thanhhuyennt02@gmail.com', '$2a$10$JS5wbPFgs/n4pmsHjkIOBONvlvaGaTj0bIubHO6bVNSN3mxj4vqpK', 'Admin', 'ADMIN', true, '2024-02-18', '2024-02-18'),
(2, '20020420@vnu.edu.vn', '$2a$10$JS5wbPFgs/n4pmsHjkIOBONvlvaGaTj0bIubHO6bVNSN3mxj4vqpK', 'qhi_admin', 'UNIVERSITY', true, '2024-02-18', '2024-02-18'),
(3, '20020421@neu.edu.vn', '$2a$10$JS5wbPFgs/n4pmsHjkIOBONvlvaGaTj0bIubHO6bVNSN3mxj4vqpK', 'bka_admin', 'UNIVERSITY', true, '2024-02-18', '2024-02-18'),
(4, '20020422@hust.edu.vn', '$2a$10$JS5wbPFgs/n4pmsHjkIOBONvlvaGaTj0bIubHO6bVNSN3mxj4vqpK', 'kha_admin', 'UNIVERSITY', true, '2024-02-18', '2024-02-18'),
(5, 'thanhhuyen@gmail.com', '$2a$10$JS5wbPFgs/n4pmsHjkIOBONvlvaGaTj0bIubHO6bVNSN3mxj4vqpK', 'Huyen', 'USER', true, '2024-02-18', '2024-02-18');

INSERT INTO address (id, detail, district, city, country) VALUES
(1, '144 Xuân Thủy', 'Cầu Giấy', 'Hà Nội', 'Việt Nam'),
(2, 'Số 1 Đại Cồ Việt', 'Hai Bà Trưng', 'Hà Nội', 'Việt Nam'),
(3, '207 Đường Giải Phóng', 'Hai Bà Trưng', 'Hà Nội', 'Việt Nam'),
(4, '91 Chùa Láng', 'Đống Đa', 'Hà Nội', 'Việt Nam'),
(5, '122 Hoàng Quốc Việt', 'Cầu Giấy', 'Hà Nội', 'Việt Nam'),
(6, 'Pontypridd', 'Pontypridd', 'Wales', 'United Kingdom');

INSERT INTO university (id, user_id, name, code, introduction, address_id ) VALUES
(1, 2,'Đại học Công nghệ - ĐHQGHN', 'QHI', 'Đại học Công nghệ - ĐHQGHN được thành lập năm 2005. Đào tạo 20 chuyên ngành.', 1),
(2, 3,'Đại học Kinh tế Quốc dân', 'KHA', 'Đại học Kinh tế Quốc dân được thành lập năm 2009. Đào tạo 25 chuyên ngành', 3),
(3, 4,'Đại học Bách khoa Hà Nội', 'BKA', 'Đại học Bách Khoa Hà Nội được thành lập năm 2010. Đào tạo 30 chuyên ngành', 2),
(4, null,'Đại học Ngoại thương', 'NTH', 'Đại học Ngoại thương được thành lập năm 2012. Đào tạo 15 chuyên ngành', 4),
(5, null, 'Học viện Bưu chính viễn thông', 'PTIT', 'Học viện Bưu chính viễn thông được thành lập năm 2015. Đào tạo 10 chuyên ngành', 5),
(6, null, 'The University of South Wales', 'USW', 'The University of South Wales is a public university in Wales, United Kingdom.', 6);

INSERT INTO majors (id, code, name) VALUES
(1, '7480201', 'Công nghệ thông tin'),
(2, '7480202', 'Kỹ thuật phần mềm'),
(3, '7480101', 'Khoa học máy tính'),
(4, '7480204', 'Kỹ thuật điện tử - viễn thông'),
(5, '7480205', 'Kỹ thuật điều khiển và tự động hóa'),
(6, '7480206', 'Kỹ thuật máy tính và mạng'),
(7, '7480207', 'Kỹ thuật máy tính và robot'),
(8, '7480208', 'Kỹ thuật máy tính và truyền thông'),
(9, '7480209', 'Trí tuệ nhân tạo'),
(10, '7480210', 'Hệ thống thông tin'),
(11, '7310106', 'Kinh tế quốc tế'),
(12, '7310101', 'Kinh tế'),
(13, '7340301', 'Kế toán'),
(14, '7340302', 'Kiểm toán'),
(15,'7340201', 'Tài chính - Ngân hàng'),
(16,'7340204', 'Bảo hiểm'),
(17, '7340205','Công nghệ tài chính'),
(18,'7340401', 'Khoa học quản lý'),
(19,'7340403', 'Quản lý công'),
(20,'7340404', 'Quản trị nhân lực');



INSERT INTO program_educations (id, name, code, language, durationYear, levelOfEducation, numCredits, startYear, endYear, universityId, majorId, introduction, sourceLinks, outline, vectorOutline) VALUES
(1, 'Công nghệ thông tin','CN1', 'VI', 4, 'BACHELOR', 120, 2020, 2025, 1, 1, 'Ngành Công nghệ Thông tin đào tạo kiến thức cũng như các kỹ năng quan trọng và hiện đại về Công nghệ thông tin với mục tiêu đạt trình độ chung của khu vực và quốc tế, cho phép sinh viên sau khi tốt nghiệp có thể nhanh chóng đáp ứng các nhu cầu về hoạt động công nghệ thông tin của xã hội cũng như tiếp tục học tập, nghiên cứu và phát triển ngành Công nghệ Thông tin. Sinh viên tốt nghiệp ngành CNTT có thể làm việc tại các công ty công nghệ với nhiều vị trí khác nhau từ lập trình viên, lập trình các hệ thống thông minh, phân tích thiết kế hệ thống, kiểm thử phần mềm, quản trị mạng…','[{"name":"Chương trình đào tạo ngành công nghệ thông tin chuẩn - UET","link":"https://uet.vnu.edu.vn/chuong-trinh-dao-tao-nganh-cong-nghe-thong-tin-4/"},{"name":"Nội dung chương trình đào tạo ngành công nghệ thông tin chuẩn - UET","link":"https://uet.vnu.edu.vn/chuong-trinh-dao-tao-nganh-cong-nghe-thong-tin-10/"}]', 'https://firebasestorage.googleapis.com/v0/b/course-mapping-489fd.appspot.com/o/program_educations%2FVN_QHI_CN1_2022.txt?alt=media&token=7eb720dc-1e77-4feb-b729-0f7ec04d9aa0', '{\"vector\":[0.5712198615074158,0.16519445180892944,0.11144405603408813,-1.1937403678894043,-0.3460646867752075,0.33023637533187866,-0.6960755586624146,0.40053126215934753,-0.9328237771987915,-0.1047358512878418,1.0872950553894043,0.23355211317539215,0.325145423412323,-0.7987232804298401,-0.08368013054132462,-0.18939317762851715,0.08961445838212967,0.2822180390357971,0.2610986530780792,-0.5707789659500122,0.694006085395813,0.5549041628837585,-0.06671780347824097,0.11291627585887909,-0.3042115867137909,-0.16326874494552612,-0.2772977650165558,0.23344622552394867,-0.42865484952926636,0.297036737203598,0.3753095269203186,0.1470634788274765,-0.31645894050598145,-0.098007433116436,0.2306099683046341,-0.058868132531642914,-0.09284962713718414,-0.13869208097457886,0.38925328850746155,-0.681115984916687,-0.04836956039071083,-0.7441185116767883,0.02705121785402298,-0.06884509325027466,-0.3144647181034088,-0.35465991497039795,0.13970720767974854,-0.3630865216255188,0.11889578402042389,0.16703613102436066,0.4105055034160614,0.3700502812862396,0.24892772734165192,-0.08706241101026535,-0.08791308104991913,-0.24905666708946228,0.048631809651851654,1.0730407238006592,-0.3887902498245239,0.5059797763824463,0.2190292924642563,0.20249328017234802,-0.16243642568588257,-0.8752661347389221,0.310065895318985,0.33261191844940186,0.5839850902557373,-0.0981522724032402,0.08832605928182602,-0.3307475745677948,0.10458841919898987,-0.35505321621894836,0.7202523946762085,0.009308850392699242,0.021770644932985306,0.4676840901374817,0.10891951620578766,0.1273537129163742,-0.5075680017471313,0.16475340723991394,-0.19494852423667908,-0.18303395807743073,-0.48903247714042664,-0.27418053150177,-0.6026158332824707,-0.21742789447307587,0.20320342481136322,-0.7928155660629272,-0.654849112033844,-0.18919888138771057,-0.833764374256134,0.3453257381916046,-0.2652497887611389,-0.3647356629371643,0.18335933983325958,0.6023402214050293,0.03855733945965767,0.5803337693214417,0.0960780456662178,-0.07663178443908691,-0.23379240930080414,-0.14697977900505066,0.4128079414367676,0.17711715400218964,-0.2419489324092865,-0.06650132685899734,0.6865890622138977,-0.12419164180755615,0.12612520158290863,0.012964754365384579,-0.007770212832838297,-0.45778363943099976,0.6723207235336304,-0.20671601593494415,0.027234701439738274,0.09497188031673431,0.243473082780838,-0.728413462638855,-0.5542797446250916,0.7119068503379822,-0.9898816347122192,-1.3980034589767456,-0.3315793573856354,0.003567179897800088,-0.3700244724750519,-0.2072034329175949,-0.8840782642364502,-0.07563846558332443,-0.837833046913147,-0.3074520230293274,-0.09885245561599731,0.17953474819660187,-0.09935518354177475,0.8908265829086304,-0.10957715660333633,-0.11529302597045898,0.608417272567749,-1.0570621490478516,0.3607434034347534,0.18408703804016113,-0.03999970480799675,0.12856915593147278,-0.09017373621463776,-0.8229068517684937,-0.12534113228321075,-0.31709858775138855,-0.42381393909454346,0.0009045479819178581,-0.16973905265331268,0.6832013726234436,-0.5571409463882446,-0.7382164001464844,-0.5769361257553101,-0.16872665286064148,0.03636403754353523,0.276223361492157,-0.9656150937080383,0.3060488700866699,0.4291316568851471,0.46467745304107666,0.17195066809654236,-0.23456567525863647,-0.1696866899728775,-0.45905694365501404,0.8080580830574036,0.07565233111381531,-0.06757888197898865,0.6072108149528503,-0.22309696674346924,-0.5033705234527588,0.016738316044211388,0.4664558172225952,-0.33989545702934265,-0.019270015880465508,0.2795267105102539,0.13332049548625946,0.5536745190620422,0.49548661708831787,-0.018774930387735367,0.15693950653076172,0.7078472375869751,0.08595888316631317,0.37087181210517883,0.3960878551006317,0.5243922472000122,-0.2175956815481186,0.33164194226264954,0.7399023175239563,0.130212664604187,0.29189980030059814,0.5265512466430664,0.12770578265190125,0.5829720497131348,0.010855857282876968,-0.002316703088581562,-0.24398531019687653,0.4044615924358368,0.021197937428951263,-0.4953414797782898,-0.045338600873947144]}'),
(2, 'Khoa học máy tính', 'CN8', 'VI', 4.5, 'BACHELOR', 130, 2020, 2025, 1, 1, 'Ngành Khoa học máy tính cung cấp cho sinh viên các kiến thức, kỹ năng cơ bản và hiện đại trong các lĩnh vực truyền thống của CNTT như công nghệ phần mềm, cơ sở dữ liệu, mạng máy tính, kiến trúc máy tính; song các lĩnh vực mới và không kém phần thú vị như xử lý ngôn ngữ tự nhiên, học máy – trí tuệ nhân tạo, tin sinh học, xử lý tiếng nói, xử lý ảnh, tương tác người – máy,… cũng được chú trọng phát triển và đào tạo.','[{"name":"Chương trình đào tạo ngành Khoa học máy tính - UET","link":"https://uet.vnu.edu.vn/chuong-trinh-dao-tao-nganh-cong-nghe-thong-tin-chat-luong-cao-8/"}]', 'https://firebasestorage.googleapis.com/v0/b/course-mapping-489fd.appspot.com/o/program_educations%2FVN_QHI_CN8.txt?alt=media&token=0a2f56e9-fbc7-4f60-9865-1186f9032d43', '{\"vector\":[0.41535085439682007,0.12877562642097473,-0.08662525564432144,-0.7382251620292664,-0.4026714265346527,-0.1397124081850052,-0.5906073451042175,0.849467396736145,-1.2785135507583618,-0.22259370982646942,1.1590979099273682,0.08858362585306168,0.16639070212841034,-0.7835993766784668,0.12699244916439056,-0.6353942155838013,-0.12488839775323868,0.6006024479866028,0.656394898891449,-0.38811594247817993,0.6029420495033264,0.6985954642295837,0.10557518899440765,0.17091773450374603,-0.0731005072593689,-0.10091152042150497,0.3216926157474518,0.3704583942890167,-0.5601238012313843,0.035955559462308884,0.4750405251979828,0.03514714911580086,-0.1311735361814499,0.20768027007579803,-0.12427809834480286,0.015441703610122204,0.10268104076385498,-0.6070134043693542,0.512146532535553,-0.8512764573097229,-0.6401887536048889,-1.0104109048843384,-0.10894505679607391,0.12076914310455322,-0.10830171406269073,-0.13603700697422028,0.35152581334114075,-0.24997904896736145,0.2046831101179123,-0.20029021799564362,0.09800248593091965,-0.16917872428894043,-0.27059653401374817,-0.08715615421533585,0.08959191292524338,0.2249617725610733,0.16084012389183044,1.2992881536483765,-0.48387378454208374,0.2357952743768692,0.4324362874031067,0.47725439071655273,-0.14847970008850098,-0.6747996211051941,0.3514738082885742,0.4698432385921478,0.3658561408519745,0.22228750586509705,0.24686141312122345,-0.22433333098888397,-0.39553359150886536,-0.10725874453783035,0.9451788067817688,-0.4199788570404053,0.2478141039609909,0.36674806475639343,0.03428467735648155,-0.20820428431034088,-0.504574716091156,0.5454963445663452,0.3375382423400879,-0.1037583276629448,-0.21893978118896484,0.025160573422908783,-0.5575479865074158,-0.1282745599746704,0.037540119141340256,-0.3387410044670105,-0.1854083091020584,0.23423372209072113,-0.7316813468933105,-0.0810026228427887,0.1735125631093979,-0.2994200885295868,0.34464094042778015,0.6061794757843018,-0.23826903104782104,0.42237016558647156,-0.04654494673013687,-0.20477057993412018,-0.043741192668676376,-0.5438142418861389,0.29406702518463135,0.1853790283203125,0.19550728797912598,-0.3216933608055115,0.8220192790031433,0.1342308074235916,0.11507201194763184,0.5854552388191223,-0.3312881290912628,-0.016623010858893394,0.07727812975645065,0.06022149696946144,0.1316693276166916,-0.2916293144226074,0.2468690276145935,-0.5857647657394409,-0.4927644431591034,0.5940455794334412,-0.4883113205432892,-1.4840326309204102,-0.1929764747619629,0.017152972519397736,-0.30557721853256226,0.05086202919483185,-0.821052074432373,-0.38100773096084595,-0.5139778256416321,-0.5491387248039246,0.21254189312458038,-0.11497041583061218,-0.09334945678710938,0.9412780404090881,0.06281449645757675,-0.28414028882980347,0.48624542355537415,-1.2774336338043213,0.503753662109375,0.06935832649469376,-0.29916077852249146,0.12501221895217896,-0.05676164850592613,-0.3348711133003235,-0.37031272053718567,-0.5621973872184753,-0.1470600664615631,-0.23238764703273773,-0.15979935228824615,0.35860756039619446,-0.296861469745636,-0.2834323048591614,-0.5208727717399597,-0.16737228631973267,0.01823021098971367,0.0887184590101242,-0.9770106673240662,0.1086944043636322,0.7565534710884094,0.656221866607666,0.4705546200275421,-0.2050120234489441,0.33317404985427856,-0.4519737958908081,0.6412408351898193,0.3811875581741333,-0.07821207493543625,-0.14452075958251953,0.20561228692531586,-0.3196634352207184,-0.5053046941757202,0.33874306082725525,-0.7477336525917053,0.12320289015769958,-0.12394925206899643,0.4807676076889038,0.2602875232696533,0.156034454703331,0.15980954468250275,-0.4659767746925354,0.45088329911231995,0.025171684101223946,0.16932706534862518,0.4164043068885803,0.7410759925842285,-0.0587945356965065,0.2072753757238388,0.6803892254829407,-0.2773209512233734,0.05356629565358162,0.701154887676239,0.1302136778831482,0.38693174719810486,0.11605875194072723,-0.35635289549827576,0.02703888528048992,0.37963637709617615,0.07470769435167313,-0.5119584798812866,-0.20975717902183533]}'),
(3, 'Kỹ thuật máy tính','CN2', 'VI', 4, 'ENGINEER', 120, 2019, 2025, 1, 3, 'Ngành Khoa học máy tính cung cấp cho sinh viên các kiến thức, kỹ năng cơ bản và hiện đại trong các lĩnh vực truyền thống của CNTT như công nghệ phần mềm, cơ sở dữ liệu, mạng máy tính, kiến trúc máy tính; song các lĩnh vực mới và không kém phần thú vị như xử lý ngôn ngữ tự nhiên, học máy – trí tuệ nhân tạo, tin sinh học, xử lý tiếng nói, xử lý ảnh, tương tác người – máy,… cũng được chú trọng phát triển và đào tạo.','[{"name":"Chương trình đào tạo ngành Kỹ thuật máy tính - UET","link":"https://uet.vnu.edu.vn/chuong-trinh-dao-tao-nganh-ky-thuat-may-tinh-4/"}]','https://firebasestorage.googleapis.com/v0/b/course-mapping-489fd.appspot.com/o/program_educations%2FVN_QHI_CN2.txt?alt=media&token=85f806a1-dcd3-498d-8bd2-d87ed2bb1fbe', '{\"vector\":[0.3024994730949402,-0.11966842412948608,-0.009432959370315075,-0.6514428853988647,-0.1510167270898819,0.1828411966562271,-0.4234185218811035,0.8326760530471802,-0.8628614544868469,-0.06865451484918594,1.299731969833374,0.17432063817977905,-0.06888893246650696,-0.5449965596199036,0.07626689225435257,-0.038813985884189606,-0.08306668698787689,0.6258652210235596,0.7850736975669861,-0.07178232818841934,0.5050150156021118,-0.0884586051106453,0.08504081517457962,0.4408814609050751,-0.34585440158843994,0.17766878008842468,0.34978219866752625,0.1469990611076355,-0.08413569629192352,0.012764841318130493,0.6652546525001526,0.18199817836284637,0.11513815820217133,0.014994107186794281,-0.000420014577684924,-0.21698643267154694,0.034613966941833496,-0.5391221046447754,0.3430855870246887,-0.6884235739707947,0.18972958624362946,-0.3367069959640503,0.21679013967514038,-0.08936487138271332,-0.05354021489620209,0.22875651717185974,0.641970694065094,0.2247462272644043,-0.0769350603222847,-0.11898922920227051,0.19062025845050812,0.220445916056633,0.08059535175561905,-0.36159536242485046,-0.4898996949195862,-0.29994314908981323,-0.0854882076382637,1.0406849384307861,-0.5622913241386414,-0.14567264914512634,0.3721280097961426,0.2495415359735489,-0.30542510747909546,-0.7157900333404541,0.262497216463089,0.4101463258266449,0.10637440532445908,0.05478423088788986,0.17951367795467377,-0.2365342378616333,-0.2672150135040283,-0.2931511402130127,0.6286748647689819,-0.05223030969500542,-0.08111421018838882,-0.11897831410169601,0.24071381986141205,-0.26720643043518066,0.04527561366558075,0.1319366693496704,-0.08229799568653107,-0.10648638010025024,-0.12251706421375275,0.23262886703014374,-0.5342189073562622,-0.4847102463245392,-0.1236133798956871,-0.7115049362182617,-0.15650631487369537,0.2669376730918884,-0.3339325189590454,0.6355558037757874,-0.12342876195907593,-0.31851840019226074,0.1119614765048027,0.45452094078063965,-0.1752772480249405,0.4968557357788086,-0.2164386510848999,0.09946899861097336,-0.03808833286166191,-0.14458592236042023,-0.1038210466504097,0.2254752218723297,0.22082708775997162,-0.30969345569610596,0.5315114855766296,0.008132991380989552,-0.18562749028205872,0.316186785697937,-0.21571314334869385,-0.3604622483253479,0.19942587614059448,0.18377983570098877,0.030421406030654907,-0.1860601305961609,0.35214513540267944,-0.5390000939369202,-0.582876980304718,0.4547138512134552,-0.3910342752933502,-0.8555831909179688,-0.1666068285703659,-0.487155020236969,-0.4499402344226837,-0.2676406502723694,-0.9573459029197693,-0.23779813945293427,-0.43421149253845215,-0.1730516403913498,-0.05843830481171608,0.07571795582771301,-0.5106112957000732,0.08046950399875641,0.053115930408239365,0.2721458375453949,0.05168486014008522,-0.6353767514228821,0.17320546507835388,0.19227993488311768,0.0828821137547493,0.18261921405792236,-0.031297534704208374,-0.49474579095840454,-0.3688202500343323,-0.5149827003479004,-0.010547587648034096,-0.14342722296714783,-0.023826828226447105,0.2865792214870453,-0.5034877061843872,-0.09654723107814789,-0.6102182269096375,-0.3645576238632202,-0.09634339064359665,0.3380110263824463,-0.633926510810852,-0.09911003708839417,0.28778961300849915,0.13977661728858948,0.38768744468688965,0.005451100878417492,0.0607607327401638,-0.23673999309539795,0.7387497425079346,-0.14270906150341034,0.16944348812103271,0.037879686802625656,0.1448543518781662,-0.41726118326187134,0.07496148347854614,0.33622658252716064,-0.48744848370552063,0.006797995883971453,0.01262134313583374,0.4316944479942322,0.25569260120391846,0.22061525285243988,-0.26561439037323,-0.04474508389830589,0.17253370583057404,0.3601168692111969,-0.04829493165016174,0.281057208776474,0.46472790837287903,-0.0009074492263607681,0.39500030875205994,0.47178032994270325,-0.14098772406578064,0.043627843260765076,0.3871462047100067,-0.010252830572426319,0.37514451146125793,-0.19056165218353271,0.12791815400123596,-0.09220204502344131,-0.08465050905942917,0.10220463573932648,-0.35006850957870483,-0.22898979485034943]}'),
(4, 'Trí tuệ nhân tạo','CN12', 'VI', 4, 'BACHELOR', 120, 2019, 2025, 1, 9, 'Ngành Trí tuệ nhân tạo là một đổi mới trong thông tin tuyển sinh năm 2022 của trường Đại học Công nghệ – Đại học Quốc gia Hà Nội, một hướng phát triển mới dành cho sinh viên nhóm ngành Công nghệ thông tin. Sinh viên ngành Trí tuệ nhân tạo sẽ được giới thiệu và đi sâu nghiên cứu các hệ chuyên gia, tương tác người – máy và ứng dụng trong các môi trường như hệ đa phương tiện; xử lý hình ảnh, âm thanh; phân tích dữ liệu lớn.','[{"name":"Chương trình đào tạo ngành Trí tuệ nhân tạo - UET","link":"https://uet.vnu.edu.vn/chuong-trinh-dao-tao-nganh-tri-tue-nhan-tao-4/"}]','https://firebasestorage.googleapis.com/v0/b/course-mapping-489fd.appspot.com/o/program_educations%2FVN_QHI_CN12.txt?alt=media&token=a3fe6742-3dac-46a7-8785-256c97957145', '{\"vector\":[0.752278208732605,-0.13711747527122498,-0.3530697226524353,-1.286755919456482,0.02079685777425766,0.2748675048351288,-0.6510804295539856,0.5596466064453125,-1.0925524234771729,-0.004734833724796772,1.3088029623031616,0.3797944486141205,0.10541349649429321,-0.636379599571228,-0.22420313954353333,0.146367609500885,0.19390052556991577,0.6051872372627258,0.8661108613014221,-0.567524254322052,0.3978632688522339,0.48783183097839355,0.01508423313498497,-0.01892707869410515,-0.22164002060890198,0.30736416578292847,0.21150851249694824,0.5096516609191895,-0.2509172558784485,-0.06859555095434189,0.7682856321334839,-0.04885893687605858,-0.37014687061309814,-0.12394636869430542,0.11548363417387009,-0.07531008124351501,-0.38890543580055237,-0.3132553696632385,0.24557632207870483,-0.31661996245384216,-0.3568190634250641,-1.1309375762939453,-0.02261556312441826,0.08791007846593857,-0.24497710168361664,0.3071988523006439,0.5194066166877747,-0.38487541675567627,0.04064515605568886,0.03823867067694664,0.4104502201080322,0.2871069014072418,-0.19259992241859436,-0.5290969014167786,0.05877886712551117,0.3684234023094177,0.14353282749652863,0.9273143410682678,-0.5319165587425232,0.017597083002328873,0.49498939514160156,0.269573450088501,-0.4421039819717407,-0.8008410930633545,-0.10238590836524963,0.159318745136261,0.019989825785160065,0.37068766355514526,0.4832713007926941,-0.09464392811059952,0.0029517835937440395,-0.14017118513584137,0.8356079459190369,-0.05648403614759445,0.12913881242275238,0.08078962564468384,-0.2199917584657669,-0.24821488559246063,0.24331365525722504,0.38050153851509094,-0.03765105828642845,-0.0642157644033432,-0.3715756833553314,0.2646835744380951,-0.6703260540962219,-0.2900830805301666,0.05764654278755188,-0.6506757736206055,-0.5161224007606506,0.31872525811195374,-0.4131152629852295,0.4093020558357239,-0.33846205472946167,-0.36067482829093933,-0.216389000415802,0.5083351731300354,-0.39799144864082336,0.6449553370475769,-0.3867277503013611,-0.07542480528354645,0.0104507552459836,-0.11684495955705643,0.5066227316856384,0.3860505223274231,0.7050707340240479,-0.08577903360128403,0.941433846950531,0.5274298787117004,0.554875910282135,0.08546989411115646,0.021154869347810745,-0.26146504282951355,0.5170218348503113,-0.1681283414363861,-0.1138981506228447,-0.0002018183731706813,0.33293113112449646,-0.392191618680954,-0.2799471318721771,0.3646146059036255,-0.8247509598731995,-1.0980278253555298,-0.582520604133606,0.10118179023265839,-0.2492392212152481,-0.1547081619501114,-0.6017271280288696,-0.1568029671907425,-0.3328838348388672,0.18978336453437805,-0.20532841980457306,0.23318204283714294,-0.41211920976638794,0.955755889415741,-0.28551116585731506,-0.22766605019569397,0.6171086430549622,-1.1690077781677246,0.2402164340019226,0.2581639587879181,0.11436924338340759,-0.3038853108882904,-0.18618769943714142,-0.6521179676055908,-0.05149465426802635,-0.2314600944519043,0.0031923637725412846,-0.5500009655952454,0.05681212618947029,0.6269478797912598,-0.6039695143699646,-0.4846624433994293,-0.5532131791114807,-0.12066181749105453,0.15566030144691467,0.51197350025177,-0.7275278568267822,0.1619911938905716,0.9451249837875366,0.13356618583202362,0.48180586099624634,-0.5401068329811096,0.3911411464214325,-0.8926312327384949,1.1215145587921143,0.11349789053201675,0.15749938786029816,0.28023257851600647,-0.0989285334944725,-0.3670981824398041,0.09575118124485016,0.15385030210018158,-0.28481000661849976,0.03219668194651604,0.12458796054124832,0.10531426966190338,0.6400173902511597,0.02935657650232315,-0.16044168174266815,-0.17651982605457306,0.5303405523300171,0.565422773361206,0.08658777922391891,0.12665344774723053,0.5363903045654297,-0.3871130049228668,0.2327263057231903,0.8394569158554077,0.06451340019702911,-0.17406617105007172,0.5382540225982666,-0.04871416836977005,0.6948273777961731,-0.6148961782455444,0.2973058223724365,-0.0024323896504938602,0.3551924526691437,-0.21054813265800476,0.11299358308315277,0.18944230675697327]}'),
(5, 'Kế toán','7340301', 'VI', 4, 'BACHELOR', 120, 2019, 2025, 2, 13, null,null,'https://firebasestorage.googleapis.com/v0/b/course-mapping-489fd.appspot.com/o/program_educations%2FVN_KHA_7340301.doc?alt=media&token=705d779c-4317-48c5-859f-53e9715df6b2', '{\"vector\":[1.29109787940979,1.798056721687317,-0.8123520612716675,-1.603735089302063,-0.24196960031986237,0.10674426704645157,-2.3335554599761963,1.7577970027923584,-1.137239933013916,0.14572620391845703,1.142730951309204,0.7590352892875671,0.30968552827835083,-1.1587454080581665,-1.6898247003555298,-0.8850558996200562,-0.4344206154346466,0.9105522632598877,1.4288119077682495,-1.2040417194366455,0.4415076971054077,1.3505016565322876,-0.9986439943313599,0.42390871047973633,0.04063214361667633,0.7373150587081909,0.13599038124084473,1.1022567749023438,-1.6451970338821411,0.6280521750450134,0.13215067982673645,-0.3307715058326721,-0.189191073179245,0.9593432545661926,-0.30892637372016907,-1.085033655166626,-1.3687832355499268,-0.7166555523872375,2.40842604637146,0.8161189556121826,0.27155300974845886,-0.4917103946208954,0.4295661151409149,-0.907353937625885,-0.5702194571495056,0.4323342442512512,1.9992552995681763,-0.7427382469177246,0.8570480942726135,-0.412045955657959,0.051654305309057236,1.2259808778762817,-0.017709024250507355,-0.36399370431900024,-0.5989183783531189,-0.04798337072134018,2.37408185005188,2.991539239883423,0.9886540174484253,0.7038535475730896,0.24197177588939667,-1.2165576219558716,-1.7272075414657593,-2.248887777328491,1.062690258026123,1.0828858613967896,0.7380356192588806,-1.194029688835144,0.20781850814819336,-1.2831934690475464,-0.5105628371238708,-0.11303211003541946,1.1800856590270996,0.17424769699573517,-1.137046456336975,-0.44040611386299133,0.4964748024940491,0.8445039987564087,-0.7351885437965393,0.5932761430740356,1.0816128253936768,1.1116286516189575,-0.49969837069511414,1.353043794631958,0.5602396130561829,0.8437111377716064,-0.48224925994873047,0.23703569173812866,-1.6823354959487915,-0.48892614245414734,-1.4016481637954712,1.4915244579315186,-0.8751314282417297,-0.6255849599838257,0.18650594353675842,-0.5289346575737,-0.8235447406768799,0.29426446557044983,0.49339354038238525,0.48685452342033386,-1.4541852474212646,-1.059099793434143,0.4311560392379761,0.15374746918678284,1.0294102430343628,-0.44419151544570923,1.3813687562942505,0.3415176570415497,-1.553990364074707,0.145108163356781,0.6575669646263123,-0.06607696413993835,0.7059448957443237,-0.7077401280403137,-0.8579096794128418,-0.8418050408363342,0.30206426978111267,-1.4525631666183472,-0.0920047014951706,1.7414798736572266,-0.10437372326850891,-2.6495704650878906,0.2595013678073883,-0.038130249828100204,0.9522296786308289,0.11772243678569794,-0.8561150431632996,-1.0182733535766602,-2.6882011890411377,-0.05077436566352844,1.4729888439178467,1.3163015842437744,-0.7221187353134155,0.14726164937019348,0.031366314738988876,0.07361923903226852,0.4068219065666199,-0.28917211294174194,-2.0639092922210693,0.19486886262893677,-0.2430962771177292,-0.3926432132720947,-1.4076327085494995,-1.0171774625778198,-0.05999477207660675,-0.21196116507053375,-2.1605043411254883,-0.5516507625579834,-0.8743141889572144,-0.09434662759304047,-1.4212069511413574,-1.6207300424575806,-2.2013602256774902,-0.7040072679519653,0.9505733251571655,0.4061243534088135,-0.3209024667739868,-0.5061012506484985,-0.3729100227355957,0.8484919667243958,0.98499596118927,-0.6382128000259399,0.43843725323677063,-0.6012058258056641,1.17519211769104,0.6449002027511597,-0.0010348947253078222,0.3484669625759125,1.4020276069641113,-0.7209663391113281,-1.3176413774490356,1.3009954690933228,-0.5198537707328796,-1.022501826286316,1.1102781295776367,0.3717382252216339,1.105231761932373,-0.34638622403144836,-0.7328017354011536,1.42920982837677,-0.009018231183290482,-0.8032566905021667,0.6917012333869934,0.6475860476493835,0.7303272485733032,0.04974175989627838,0.3838319480419159,1.2342324256896973,-0.19945421814918518,0.7811682820320129,1.2669620513916016,-0.6059231162071228,1.785160779953003,0.9513562917709351,-0.0006349524483084679,0.6099523901939392,0.23140375316143036,1.3864835500717163,-1.0209786891937256,-0.5062052607536316]}'),
(6, 'Kinh tế quốc tế - TT23','7310106', 'VI', 4, 'BACHELOR', 110, 2019, 2022, 2, 11, null, null,'https://firebasestorage.googleapis.com/v0/b/course-mapping-489fd.appspot.com/o/program_educations%2FVN_KHA_7310106.doc?alt=media&token=ca2987ae-7c6e-4353-9123-e54bc7ccb9d2', '{\"vector\":[1.6223503351211548,1.5807514190673828,-0.65904700756073,-0.9669079780578613,-0.5439743399620056,-0.2102590799331665,-2.0909974575042725,1.288454294204712,-1.3985052108764648,0.5911511778831482,1.0330008268356323,0.917497456073761,-0.38608673214912415,-1.298578143119812,-1.2199523448944092,-0.5066781640052795,0.10525703430175781,0.4735129475593567,1.018014907836914,-1.0165690183639526,1.0992454290390015,1.0063425302505493,-0.844133734703064,0.49898722767829895,0.12568722665309906,0.11733449995517731,-0.342946320772171,1.1836276054382324,-2.0270159244537354,0.08422376960515976,0.048195336014032364,-0.7257533669471741,-0.2877679467201233,1.1189137697219849,-0.5274537205696106,-1.096943736076355,-1.0448955297470093,-1.0556204319000244,2.736691474914551,0.8592280745506287,-0.32615092396736145,-0.6098257899284363,0.2982695400714874,-1.2237080335617065,-0.9404138326644897,0.6475551128387451,2.3934133052825928,-0.72991943359375,0.5399803519248962,0.08672140538692474,-0.16944904625415802,0.525016725063324,0.10645224153995514,-0.22427335381507874,-0.48559606075286865,0.28643926978111267,1.9834264516830444,2.950953483581543,0.39657479524612427,0.05807187408208847,0.5366970896720886,-0.29582178592681885,-1.0445101261138916,-1.6418795585632324,0.6933633685112,0.6874819397926331,0.36709684133529663,-0.907232940196991,0.15454308688640594,-0.9542437791824341,-0.4886103868484497,0.02357172593474388,1.228971242904663,0.5709500312805176,-1.0190969705581665,0.5801234245300293,0.0716152936220169,1.1477965116500854,-1.0344713926315308,0.964545488357544,1.0864447355270386,1.7125723361968994,-1.010486364364624,0.9929887056350708,0.057606857270002365,0.5887823104858398,-0.410314679145813,0.0709327831864357,-1.67274010181427,-0.5507566928863525,-2.2877583503723145,1.5756402015686035,-0.47345486283302307,-0.9479239583015442,0.43025389313697815,0.05395877733826637,-0.3677543103694916,0.1513625532388687,1.024774193763733,0.44033169746398926,-1.961349368095398,-1.2609554529190063,0.26006126403808594,0.41170912981033325,1.3392611742019653,0.45575150847435,2.089838743209839,0.9672120213508606,-1.603152871131897,-0.21996663510799408,0.3403932452201843,-0.4959374666213989,0.5460603833198547,-0.6474370360374451,-0.30072855949401855,-0.9220789670944214,0.2683601379394531,-1.2533518075942993,-0.215690478682518,1.5566366910934448,-0.3812485635280609,-2.9241158962249756,0.37605544924736023,-0.015656739473342896,0.2997411787509918,-0.42120927572250366,-0.7749343514442444,-0.7608452439308167,-2.8639516830444336,-0.6173648238182068,1.0219690799713135,1.194447636604309,-0.5504842400550842,0.6792945861816406,0.31864815950393677,-0.39822569489479065,0.11232796311378479,-0.28909826278686523,-1.4568320512771606,-0.7380985617637634,-0.13824550807476044,-0.25917983055114746,-1.0966150760650635,-0.7258553504943848,-0.19822397828102112,-0.5369275212287903,-1.6384878158569336,-0.21079812943935394,-0.9865332245826721,0.026504483073949814,-1.0879625082015991,-1.7212721109390259,-1.642281413078308,-0.6581175923347473,1.228233814239502,0.10572931170463562,-0.3857446610927582,-0.17776548862457275,0.07097143679857254,0.22866584360599518,0.653532862663269,-0.3124120533466339,0.45423707365989685,-0.39729079604148865,1.089152216911316,1.247927188873291,0.2817555069923401,0.34768766164779663,1.4540529251098633,-0.544666588306427,-0.9538440704345703,0.757710874080658,-1.41233491897583,-1.2067447900772095,0.907600998878479,0.17885170876979828,0.8873754143714905,-0.13284683227539062,-0.31045690178871155,1.7586910724639893,0.2194916307926178,-0.4583759307861328,1.594933032989502,0.41766515374183655,0.09260900318622589,-0.21186459064483643,-0.20886757969856262,1.0764647722244263,-0.40981030464172363,0.7583045363426208,1.0203598737716675,-0.924934446811676,2.2218003273010254,1.1524617671966553,-0.05263734608888626,0.6780936121940613,0.08477355539798737,1.7582240104675293,-1.1313773393630981,-0.8665270209312439]}'),
(7, 'Hệ thống thông tin', 'CN14', 'VI', 4.5, 'BACHELOR', 130, 2020, 2023, 1, 1, 'Chương trình đào tạo cử nhân Hệ thống thông tin (HTTT)  tại Trường Đại học Công nghệ (ĐHCN) thuộc Đại học Quốc gia Hà Nội (ĐHQGHN) nhằm mục tiêu đào tạo các sinh viên trở thành các chuyên gia HTTT chất lượng cao có phẩm chất tốt, có trình độ chuyên môn giỏi, có năng lực tự học suốt đời về HTTT, định hướng vào bốn chủ đề hiện đại của Công nghệ Thông tin (CNTT) trong thời đại số hóa (còn được gọi là Công nghiệp 4.0) là tích hợp dịch vụ, quản lý dữ liệu lớn, khoa học dữ liệu và phân tích kinh doanh.','[{"name":"Chương trình đào tạo ngành Hệ thống thông tin - UET","link":"https://uet.vnu.edu.vn/chuong-trinh-dao-tao-nganh-thong-thong-tin-12/"}]','https://firebasestorage.googleapis.com/v0/b/course-mapping-489fd.appspot.com/o/program_educations%2FVN_QHI_CN14.txt?alt=media&token=add76e16-93cc-4ec3-9535-a1ac6b56c565', '{\"vector\":[0.6394299268722534,-0.2674524784088135,0.18543395400047302,-0.688855767250061,-0.23938173055648804,0.08251921832561493,-0.39690086245536804,0.31803908944129944,-0.7853122353553772,0.09024925529956818,1.1840589046478271,0.2524242699146271,0.2353253960609436,-0.9148374795913696,-0.1763857901096344,-0.3980683982372284,-0.2054932713508606,0.35339948534965515,0.504048228263855,-0.6845847964286804,0.46297988295555115,0.6384135484695435,-0.14590813219547272,-0.3955279588699341,-0.08722271770238876,-0.30692899227142334,0.09097831696271896,0.4390713572502136,-0.3882869482040405,-0.03738119825720787,0.7640430927276611,0.11960624158382416,-0.42247989773750305,-0.14881668984889984,0.02689661830663681,-0.1245131567120552,-0.16784337162971497,-0.12306998670101166,0.5334195494651794,-0.027094092220067978,-0.049101002514362335,-0.8291552066802979,-0.03921150416135788,-0.0699077621102333,-0.0395762175321579,0.003977461252361536,0.1878812313079834,-0.10312671959400177,-0.11068269610404968,0.20071382820606232,0.30257222056388855,0.2943004369735718,-0.04970497265458107,-0.5486768484115601,0.18811583518981934,0.4074091911315918,0.10369086265563965,1.3690446615219116,-0.48737210035324097,0.4301956593990326,0.17840629816055298,0.7115987539291382,-0.42486920952796936,-0.7576120495796204,0.40469709038734436,0.35500094294548035,0.23527778685092926,0.08339684456586838,0.4331161677837372,-0.06373963505029678,0.04705623537302017,0.12739244103431702,1.0315351486206055,0.011902903206646442,0.20799461007118225,0.23176158964633942,0.09353797882795334,0.07304008305072784,-0.13623693585395813,0.14711855351924896,-0.06632190942764282,0.017619438469409943,-0.46207332611083984,0.05738076567649841,-0.3624027669429779,-0.10678492486476898,-0.03776960074901581,-0.7048062682151794,-0.6184450387954712,-0.04228490591049194,-0.3768305480480194,-0.04866988584399223,-0.25202593207359314,-0.3361090421676636,0.5290922522544861,0.6826086044311523,0.010769419372081757,0.34795212745666504,-0.14259742200374603,0.2404790073633194,-0.2795892357826233,-0.24193811416625977,0.39419031143188477,0.41218486428260803,-0.11128803342580795,-0.22278591990470886,0.7543458938598633,0.05397560074925423,0.14647585153579712,0.5812164545059204,0.19729231297969818,-0.3400188088417053,0.5576783418655396,-0.06301978975534439,0.00684633431956172,-0.026758592575788498,0.14701105654239655,-0.3690043091773987,-0.37678053975105286,0.8648850917816162,-0.8335340619087219,-1.2046109437942505,-0.2618529498577118,0.08748819679021835,-0.17002664506435394,-0.17844748497009277,-0.7404916286468506,0.5159444212913513,-0.7886424660682678,-0.04619796574115753,0.3908662497997284,0.13558050990104675,-0.1842387318611145,0.764366865158081,-0.22058455646038055,-0.05729900300502777,0.3053942918777466,-0.7620313167572021,0.30480995774269104,-0.15318764746189117,0.09653390198945999,-0.4415145814418793,-0.3050333857536316,-0.7336461544036865,-0.15878477692604065,-0.5479653477668762,-0.28394538164138794,-0.13896843791007996,-0.1392184942960739,0.7295169830322266,-0.6499422788619995,-0.7305968999862671,-0.46085336804389954,-0.032337576150894165,-0.26144418120384216,-0.05121159926056862,-1.0893763303756714,0.08198173344135284,0.7418946623802185,0.5237360000610352,0.08282691240310669,-0.20353834331035614,0.1295614391565323,-0.6000902652740479,0.944706916809082,-0.10923250019550323,-0.21930144727230072,0.6576165556907654,-0.1077641174197197,-0.05264005437493324,-0.32539892196655273,0.5540858507156372,-0.4821774661540985,0.003784187138080597,0.22655124962329865,0.13277964293956757,0.4149041473865509,0.4617230296134949,-0.11284523457288742,0.030687086284160614,0.2951151728630066,0.22660329937934875,0.15038807690143585,0.25134822726249695,0.4942687749862671,-0.1070433109998703,-0.024180855602025986,0.5032298564910889,0.2001018077135086,-0.003813102375715971,0.34441107511520386,-0.02130317874252796,0.5479395985603333,-0.19964812695980072,-0.01595466025173664,-0.0023308091331273317,0.19702869653701782,-0.014986824244260788,0.011199275963008404,-0.13862040638923645]}'),
(8, 'Khoa học máy tính', 'IT1', 'VI', 4, 'BACHELOR', 130, 2020, 2025, 3, 1, 'Ngành Khoa học máy tính cung cấp cho sinh viên các kiến thức, kỹ năng cơ bản và hiện đại trong các lĩnh vực truyền thống của CNTT như công nghệ phần mềm, cơ sở dữ liệu, mạng máy tính, kiến trúc máy tính; song các lĩnh vực mới và không kém phần thú vị như xử lý ngôn ngữ tự nhiên, học máy – trí tuệ nhân tạo, tin sinh học, xử lý tiếng nói, xử lý ảnh, tương tác người – máy,… cũng được chú trọng phát triển và đào tạo.', '[{"name":"Tổng hợp các chương trình đào tạo Đại học Bách Khoa Hà Nội","link":"https://ts.hust.edu.vn/tin-tuc/chuong-trinh-dao-tao-chuan-truong-dai-hoc-bach-khoa-ha-noi"}]','https://firebasestorage.googleapis.com/v0/b/course-mapping-489fd.appspot.com/o/program_educations%2FVN_BKA_IT1.pdf?alt=media&token=01551740-3bf6-49f6-9569-4078c9fbbfc9', '{\"vector\":[0.11853743344545364,1.575700044631958,-0.5740593671798706,-1.7730910778045654,0.1233367919921875,1.684231162071228,-0.22368963062763214,0.7917255759239197,-0.5200960636138916,0.32675912976264954,0.07840311527252197,0.4106660783290863,-0.8077120780944824,-0.6474964618682861,-0.47779715061187744,-0.8079031109809875,-0.1835792511701584,0.8871996402740479,1.142376184463501,-0.7857812643051147,1.2032488584518433,0.48019978404045105,-0.6130954027175903,0.5661678314208984,-1.0784978866577148,-0.2079838365316391,-0.23130688071250916,0.8629599213600159,-0.738981306552887,0.35585975646972656,0.13808803260326385,0.32084348797798157,-0.13800013065338135,-0.10894365608692169,-0.4949968457221985,-0.5437782406806946,-0.47462695837020874,-1.122996211051941,0.5638540983200073,-0.3616117537021637,-0.4231780767440796,0.22015023231506348,0.02194967120885849,-0.6899192929267883,-0.2857913374900818,-0.4710833430290222,0.8946311473846436,-0.6891126036643982,0.6519050002098083,0.47505155205726624,0.0055204774253070354,0.6165244579315186,-0.40716493129730225,0.467800110578537,-0.23822060227394104,-0.5231698155403137,0.5890608429908752,1.060649037361145,0.2703632414340973,0.3194155991077423,0.9649540185928345,-0.5476904511451721,-0.18809038400650024,-0.8086812496185303,0.3915725648403168,0.6060182452201843,0.8160823583602905,-0.7037364840507507,0.28156015276908875,-0.3459310531616211,-0.5181052684783936,0.01447694655507803,1.2016992568969727,0.3328564167022705,-0.2890338599681854,1.1962374448776245,0.11180873215198517,-0.10228169709444046,-0.4994792938232422,0.4692625105381012,-0.3299822211265564,0.46335288882255554,-0.05540389195084572,0.17588898539543152,-0.09671208262443542,0.863457977771759,0.22292424738407135,-0.07580552995204926,-0.8871842622756958,-0.49715426564216614,-0.8716923594474792,0.3650381863117218,-0.8416358232498169,-0.23393337428569794,0.12135425955057144,0.050162866711616516,0.8413121104240417,-0.19121377170085907,0.6050083041191101,0.048764124512672424,-0.4345645308494568,0.14312827587127686,-0.218116894364357,0.8594004511833191,0.3613598942756653,0.05881597101688385,0.6209325194358826,0.9053190350532532,-0.8283840417861938,0.10323872417211533,-0.24724051356315613,-0.23954162001609802,0.5455767512321472,-0.33694127202033997,0.1766253262758255,-0.30448436737060547,0.7821168303489685,-1.490173578262329,-0.6340136528015137,0.859510064125061,-0.4546710252761841,-1.416391134262085,-0.7829620838165283,0.24556057155132294,0.17138400673866272,-0.6670997142791748,-0.9543612003326416,0.6154253482818604,-1.085466742515564,-0.8864807486534119,0.009130316786468029,-0.07041387259960175,0.11743248999118805,0.05976720526814461,0.5993483066558838,0.09512554109096527,0.4549933969974518,-0.24265573918819427,0.17727890610694885,0.5937317609786987,0.1796766221523285,-0.17013101279735565,-0.003014236455783248,-0.2955472767353058,-0.46005240082740784,-1.0208052396774292,-1.4637974500656128,0.5672981142997742,-0.2958835959434509,0.01819191686809063,0.010729039087891579,-0.7409401535987854,0.5596505403518677,-0.49211689829826355,-0.2037317305803299,0.9946733117103577,-0.7865549921989441,0.5038231015205383,0.37983202934265137,0.790758490562439,1.2338553667068481,0.3075726628303528,0.7703392505645752,0.2930692434310913,1.235921025276184,0.14171692728996277,-0.05567362159490585,0.16467086970806122,0.6625068783760071,-1.2872713804244995,0.33455389738082886,0.6478867530822754,-0.578522801399231,-0.009150302037596703,0.6066009998321533,0.7178700566291809,0.1670575737953186,0.11061745882034302,-0.33140072226524353,0.379636287689209,-0.140933558344841,-0.8101292848587036,0.4259687662124634,-0.05722799897193909,-0.8531315922737122,0.5823191404342651,0.05113621801137924,0.395233154296875,0.1818399876356125,0.16123564541339874,0.8405256271362305,-0.4576396942138672,0.33655843138694763,0.11495879292488098,0.34884214401245117,-0.48755401372909546,0.8888872861862183,1.1163668632507324,-0.7086602449417114,-0.5814022421836853]}'),
(9, 'Kỹ thuật máy tính','IT2', 'VI', 4, 'BACHELOR', 120, 2019, 2025, 3, 3, 'Ngành Kỹ thuật máy tính cung cấp cho sinh viên các kiến thức, kỹ năng cơ bản và hiện đại trong các lĩnh vực truyền thống của CNTT như công nghệ phần mềm, cơ sở dữ liệu, mạng máy tính, kiến trúc máy tính; song các lĩnh vực mới và không kém phần thú vị như xử lý ngôn ngữ tự nhiên, học máy – trí tuệ nhân tạo, tin sinh học, xử lý tiếng nói, xử lý ảnh, tương tác người – máy,… cũng được chú trọng phát triển và đào tạo.', '[{"name":"Tổng hợp các chương trình đào tạo Đại học Bách Khoa Hà Nội","link":"https://ts.hust.edu.vn/tin-tuc/chuong-trinh-dao-tao-chuan-truong-dai-hoc-bach-khoa-ha-noi"}]','https://firebasestorage.googleapis.com/v0/b/course-mapping-489fd.appspot.com/o/program_educations%2FVN_BKA_IT2.pdf?alt=media&token=8080fe3a-f956-45b2-8a05-089806ee288a', '{\"vector\":[-0.170332133769989,1.451796293258667,0.15279045701026917,-1.069314956665039,0.03343852981925011,1.1798206567764282,-0.24871036410331726,0.5518165826797485,-0.26327982544898987,-0.17116540670394897,0.7050418257713318,0.2411966621875763,-1.2242411375045776,-0.46971386671066284,-0.22984673082828522,-1.126753807067871,-0.24638299643993378,0.7336670160293579,1.704832911491394,-0.9429227709770203,1.1344465017318726,-0.09372425079345703,-0.4110841155052185,0.896628201007843,-0.9373239874839783,-0.03884092718362808,-0.2280445694923401,1.0081123113632202,-0.7586665153503418,0.5706117153167725,0.2168983519077301,0.21536651253700256,0.08723616600036621,-0.4844287931919098,-0.11475184559822083,-0.9955570101737976,-0.5033267736434937,-0.7403867840766907,0.5593266487121582,0.0938134416937828,-0.7420077919960022,0.4683583080768585,0.6899401545524597,-0.6012216806411743,-0.5747028589248657,-0.22632437944412231,1.2492588758468628,-0.5386479496955872,0.3069424331188202,0.644370973110199,0.773814857006073,0.3350236713886261,-0.24106810986995697,0.03150389343500137,-0.07483543455600739,-0.5124502778053284,0.7910600304603577,1.6035822629928589,0.17703871428966522,-0.31195059418678284,0.3958497941493988,-0.22864678502082825,-0.14360341429710388,-0.45777368545532227,-0.12442973256111145,0.4668664336204529,0.8043644428253174,-0.1802884042263031,-0.31819090247154236,-0.11262983083724976,-0.8881760835647583,0.7409994602203369,0.7966735363006592,0.0021473730448633432,-0.5734545588493347,0.5927410125732422,0.35016632080078125,-0.20295681059360504,-0.6369449496269226,0.9430481791496277,-0.12996090948581696,0.7016003727912903,0.22001972794532776,0.7794811725616455,-0.21486113965511322,0.7048099040985107,-0.43208619952201843,0.01732039451599121,-0.5553514361381531,-0.20935581624507904,-0.6079286932945251,-0.13712209463119507,-1.3607598543167114,0.03703209012746811,0.5142815709114075,0.21927762031555176,0.3932940363883972,0.0007173281628638506,-0.05033443123102188,0.3097684383392334,0.03885648027062416,0.15172477066516876,-0.2702317535877228,0.6431312561035156,0.5998441576957703,0.11856555938720703,0.5255820155143738,0.5900062322616577,-0.5499728918075562,-0.13752496242523193,-0.05484796315431595,-0.21175697445869446,0.3814012110233307,-0.35751065611839294,-0.07983207702636719,-0.31710246205329895,0.7226576805114746,-0.8703708648681641,-0.6181783676147461,1.6939623355865479,-0.37543243169784546,-1.3981459140777588,-0.6279898285865784,0.4649162292480469,0.24827611446380615,-0.7029326558113098,-1.3538856506347656,0.2727866470813751,-1.2130793333053589,-0.6591784954071045,0.5461528301239014,0.1930703967809677,-0.035906415432691574,0.17062415182590485,0.6366986036300659,-0.043724652379751205,0.11519573628902435,-0.7680555582046509,-0.20071031153202057,0.17152133584022522,-0.3138710558414459,-0.39315029978752136,-0.558355450630188,-0.37865304946899414,-0.6664482355117798,-1.048303484916687,-0.9772585034370422,0.14270998537540436,-0.561641275882721,-0.32341307401657104,-0.42767852544784546,-0.5242053866386414,-0.12603211402893066,-0.5861504673957825,-0.5276984572410583,0.9397171139717102,-0.8685767650604248,0.5078537464141846,-0.21173392236232758,0.581662654876709,0.6853320598602295,0.5779792070388794,0.6677169799804688,-0.11193516850471497,0.9637942910194397,0.28260159492492676,-0.07625824958086014,-0.021194761618971825,0.6716790199279785,-1.151033878326416,0.2034260630607605,0.3263213336467743,-0.5245038866996765,0.17556749284267426,0.04645520821213722,0.5237680077552795,-0.4717368483543396,0.19179633259773254,-0.307206928730011,-0.2545303404331207,-0.040182292461395264,-0.1631113439798355,0.09315258264541626,-0.05467906594276428,-0.7439109683036804,0.560504138469696,-0.24092242121696472,0.573949933052063,-0.3428022265434265,0.3537662625312805,0.49531790614128113,-0.5849066972732544,0.49272021651268005,-0.3485618531703949,-0.3305298089981079,-0.1938755214214325,0.4712875783443451,0.5378310680389404,-0.6914883852005005,-0.3210161030292511]}'),

(10, 'Công nghệ thông tin', '', 'VI',4, 'BACHELOR', 145, null,null,5,1,'', '[{"name":"Tổng hợp các chương trình đào tạo Học viện Bưu chính viễn thông","link":"https://portal.ptit.edu.vn/chuong-trinh-dao-tao/"}]','https://firebasestorage.googleapis.com/v0/b/course-mapping-489fd.appspot.com/o/program_educations%2FVN_BVH_7480201.pdf?alt=media&token=1d097c44-95b1-4da5-a430-b1a0951108d9', '{\"vector\":[1.1124887466430664,1.4856715202331543,2.2598679065704346,-3.0720598697662354,2.4129552841186523,4.224293231964111,-1.0877711772918701,1.397041916847229,0.5196352601051331,0.8335606455802917,3.3111493587493896,1.9192923307418823,-1.2967609167099,-0.8311161994934082,-0.03905841335654259,-0.04973449558019638,-2.181673765182495,1.2162295579910278,3.5226738452911377,-3.1239495277404785,-0.3139877915382385,-1.5143134593963623,-2.3485183715820312,-2.1856954097747803,0.15053510665893555,3.4996988773345947,2.331965446472168,-5.040849685668945,-3.4287455081939697,-0.9353233575820923,-0.7690496444702148,4.250354766845703,-0.9917999505996704,-1.9642047882080078,0.18085816502571106,-5.980483055114746,-3.352353096008301,-6.018997669219971,0.04491502791643143,-0.8913328647613525,1.0491623878479004,-0.8276488780975342,2.0252254009246826,0.7311108708381653,-1.8068946599960327,-2.1072733402252197,4.451797008514404,-0.3945981562137604,-1.742946743965149,2.1690139770507812,4.996318817138672,1.6099988222122192,-0.38430237770080566,3.85671067237854,2.557861804962158,5.570757865905762,2.1070358753204346,-1.013724446296692,0.5495191216468811,2.6480276584625244,0.27240899205207825,1.519739031791687,-3.4967148303985596,-2.179100513458252,-0.6646815538406372,4.658177852630615,3.261705160140991,-3.4217171669006348,1.58958101272583,-1.367258071899414,0.4563456177711487,0.3893318176269531,5.260395526885986,-2.395418405532837,2.5848610401153564,0.5449894070625305,3.224837303161621,1.0002127885818481,0.02724616974592209,-0.6466883420944214,-0.5795283317565918,3.031479835510254,-0.8540892004966736,2.2941975593566895,0.33113032579421997,0.5404469966888428,-0.0043544829823076725,0.45000043511390686,0.4324707090854645,0.3050891160964966,-0.22554805874824524,0.9812949895858765,-2.177856206893921,1.2357181310653687,0.08386099338531494,-0.2607406675815582,1.5978442430496216,2.8507866859436035,-3.598487138748169,1.5343183279037476,-0.25841790437698364,1.7006328105926514,1.8077882528305054,2.098252534866333,-3.9103078842163086,-1.283862590789795,3.512608766555786,1.8320540189743042,-2.270857810974121,0.9643886089324951,-2.365750789642334,-3.6478607654571533,0.4566391408443451,-1.4798614978790283,2.8687641620635986,1.0546531677246094,1.6077550649642944,-2.030912160873413,-0.24519072473049164,0.821548342704773,1.1918836832046509,-0.8386051654815674,-3.139601230621338,-3.639796018600464,-0.24484048783779144,-0.3608657717704773,-1.788248062133789,-4.107191562652588,-3.1180777549743652,-4.630217552185059,-0.2929690182209015,3.672273635864258,-2.338719367980957,-0.6760861277580261,-1.2210009098052979,-1.069948673248291,0.1325327605009079,-0.31493455171585083,0.5056588053703308,-3.55354380607605,3.739118814468384,-0.950322687625885,-1.143394112586975,-3.3564655780792236,-1.512406826019287,0.9250397682189941,-5.310404300689697,-0.4436556398868561,0.19505397975444794,0.23308394849300385,-2.964214563369751,-4.96168851852417,-1.4849143028259277,1.7907493114471436,-1.9964945316314697,1.75333833694458,0.6959313750267029,-0.45311930775642395,1.970691204071045,1.6907063722610474,-0.5831204652786255,-2.2701737880706787,3.4148812294006348,2.0786969661712646,1.2790091037750244,4.716763973236084,4.680724143981934,1.4356610774993896,0.5415343642234802,-1.9199199676513672,-3.751598358154297,3.71856951713562,-1.7826790809631348,-5.478175640106201,-0.8883752226829529,2.2205450534820557,1.9515806436538696,-0.791312575340271,0.49916815757751465,-1.4024653434753418,0.6114334464073181,-2.0215024948120117,0.18748001754283905,0.5982212424278259,-1.368379831314087,-4.103350639343262,-2.3463845252990723,1.312571406364441,-0.05728006735444069,2.9606480598449707,1.0735505819320679,2.410001754760742,2.215791702270508,-1.8884719610214233,-3.2398502826690674,0.38988208770751953,-0.7019295692443848,6.078271389007568,-0.3297180235385895,-0.7551459670066833]}'),
(11, 'Khoa học máy tính', '', 'VI', 4, 'ENGINEER', 150, null, null,5,3,'', '[{"name":"Tổng hợp các chương trình đào tạo Học viện Bưu chính viễn thông","link":"https://portal.ptit.edu.vn/chuong-trinh-dao-tao/"}]', 'https://firebasestorage.googleapis.com/v0/b/course-mapping-489fd.appspot.com/o/program_educations%2FVN_BVH_7480101.pdf?alt=media&token=3c54d366-29d6-41a3-8f15-f137200c1f1c', null),
(12, 'Information Technology','I200', 'EN', 4, 'BACHELOR',150, null, null, 6, 1, 'The Information Technology program at the University of South Wales is designed to provide students with a solid foundation in the principles of computer science and information systems. The program covers a wide range of topics, including programming, databases, networks, software engineering, and web development. Students will also have the opportunity to gain practical experience through a range of hands-on projects and work placements.','[{"name":"Information Technology program - USW","link":"https://www.southwales.ac.uk/courses/ba-hons-information-technology/"}]','https://firebasestorage.googleapis.com/v0/b/course-mapping-489fd.appspot.com/o/program_educations%2FEN_USW_I200.pdf?alt=media&token=575fdb4b-22ec-4703-9583-f472e8f7b929', '{\"vector\":[1.115614414215088,1.6717607975006104,-0.16044196486473083,-1.1805622577667236,-0.48878800868988037,0.9575808048248291,-1.5128051042556763,-0.8368335962295532,-0.9348192811012268,-1.844123125076294,-0.16933925449848175,0.22509342432022095,-0.019978763535618782,0.09092258661985397,-0.26028475165367126,-1.3855981826782227,0.08437273651361465,-0.8138987421989441,3.4620871543884277,-1.0864447355270386,1.4038898944854736,-0.05041884258389473,-1.7773585319519043,0.9957655072212219,-0.1935344934463501,1.0145049095153809,-1.2570838928222656,1.4959641695022583,-0.4544820189476013,0.5982548594474792,-0.372840017080307,-0.3843671381473541,-1.3412381410598755,-0.6004313826560974,-0.42112210392951965,-1.3935185670852661,-1.4681955575942993,-2.973414897918701,2.5197560787200928,0.43519145250320435,0.08047538250684738,-0.6922101974487305,-0.2448989897966385,0.28594979643821716,0.43548786640167236,-1.2018240690231323,2.08508038520813,1.552222490310669,-1.007812261581421,-0.34629368782043457,1.8136276006698608,0.20350511372089386,0.5815111994743347,1.8921432495117188,1.2811672687530518,1.1273596286773682,1.8151895999908447,2.6725494861602783,1.427477478981018,0.7390998601913452,0.798469603061676,-0.09053779393434525,-3.007904291152954,-2.0940706729888916,-0.5844781398773193,1.9398990869522095,0.7616052031517029,0.3774372935295105,-0.5398679375648499,0.9599380493164062,-1.049022912979126,0.4584388732910156,1.8352770805358887,1.4850926399230957,-0.7158495783805847,0.2653505504131317,0.878819465637207,1.2738791704177856,-2.4919612407684326,1.163841724395752,-0.324483186006546,1.5852456092834473,-0.4775363504886627,0.6953207850456238,-1.0957735776901245,0.2892356514930725,-0.15319010615348816,1.19142746925354,-1.1946567296981812,-3.109844446182251,-1.083448886871338,-0.44328537583351135,0.6898202896118164,-2.1546194553375244,0.5692220330238342,1.7145437002182007,2.1806228160858154,0.5411325097084045,-0.4067016839981079,0.28412550687789917,-1.5070196390151978,-1.773803472518921,-1.4582133293151855,-1.0897159576416016,3.023162364959717,-0.7331523299217224,1.3887683153152466,-0.3406461477279663,-1.7955604791641235,-0.4796784818172455,-0.1440538763999939,0.1381940245628357,0.20063060522079468,-0.905785322189331,1.1535557508468628,-2.0156807899475098,-0.5694900751113892,-2.587522506713867,-1.6322399377822876,2.4222075939178467,-0.5170469880104065,-1.3658276796340942,-0.5625178813934326,-0.870898425579071,0.7166232466697693,-0.46632951498031616,-1.4612983465194702,2.3323211669921875,-1.163984775543213,-0.19579173624515533,0.4031255543231964,1.384164571762085,-1.313966155052185,-0.592555582523346,-0.2650536298751831,-1.0453461408615112,1.2229276895523071,-1.1918963193893433,-2.434847831726074,-1.8716039657592773,0.043945927172899246,-1.1765202283859253,-1.1809509992599487,-1.541203260421753,-0.04141949117183685,-1.8239914178848267,-1.9006413221359253,0.19398853182792664,0.1356249898672104,-0.31818315386772156,-1.2672325372695923,-1.5489983558654785,-2.2756693363189697,-2.6817824840545654,-0.13774433732032776,1.2672228813171387,-1.0039262771606445,2.0541610717773438,1.2939893007278442,0.6546348929405212,0.9862046241760254,-1.1075469255447388,0.3411981165409088,-0.3033876121044159,1.9500137567520142,0.8550667762756348,-1.340427279472351,-2.0493266582489014,0.6156154870986938,-0.4889756143093109,-1.9861851930618286,1.4855459928512573,0.18750576674938202,-1.211411714553833,1.8340208530426025,-0.31818246841430664,1.8831146955490112,2.0675618648529053,-1.534366488456726,-0.19572390615940094,0.44096583127975464,-1.7267347574234009,2.101534366607666,0.6675918102264404,0.846464216709137,0.3836393356323242,-0.19784799218177795,2.3624165058135986,0.15814709663391113,0.9589683413505554,1.9341466426849365,-0.6342301964759827,0.7760253548622131,1.738309383392334,-0.605104923248291,1.1634198427200317,2.1677658557891846,0.9656153917312622,-2.2770025730133057,0.740413248538971]}'),
(13, 'Computer Science','I100', 'EN', 4, 'BACHELOR',150, null, null, 6, 3, 'The Computer Science program at the University of South Wales is designed to provide students with a solid foundation in the principles of computer science and information systems. The program covers a wide range of topics, including programming, databases, networks, software engineering, and web development. Students will also have the opportunity to gain practical experience through a range of hands-on projects and work placements.','[{"name":"Computer Science program - USW","link":"https://www.southwales.ac.uk/courses/ba-hons-computer-science/"}]', 'https://firebasestorage.googleapis.com/v0/b/course-mapping-489fd.appspot.com/o/program_educations%2FEN_USW_I100.pdf?alt=media&token=927bc484-69fa-4440-ac18-8aabd5c8101f', '{\"vector\":[2.096964120864868,0.753209114074707,-1.4035805463790894,-0.05983543023467064,-0.08511684089899063,0.16065149009227753,-0.7430869936943054,1.040095329284668,-1.9789798259735107,-1.1756967306137085,1.473321557044983,-0.7896926403045654,-0.40815651416778564,-0.855766773223877,-0.5564180016517639,-0.2891053557395935,0.11333085596561432,-0.6098340153694153,2.3402607440948486,-1.6445057392120361,1.311173677444458,0.2372310310602188,-2.59203839302063,0.0848492905497551,0.5237441062927246,1.0746008157730103,-0.7558966279029846,1.123279333114624,-0.31854262948036194,-0.9778807759284973,-0.8119092583656311,0.11189497262239456,-1.0554195642471313,-1.6132280826568604,0.9454415440559387,-2.5218682289123535,-1.1044973134994507,-2.7266640663146973,2.956943988800049,0.8994574546813965,-0.09044724702835083,-1.8269277811050415,0.6977210640907288,0.652762234210968,1.1988199949264526,-1.4381309747695923,2.0354883670806885,1.2625231742858887,-2.7191760540008545,-0.20465758442878723,0.9613993763923645,0.16454888880252838,0.08747266232967377,0.6550625562667847,1.0563545227050781,1.1197056770324707,1.3668819665908813,2.3291208744049072,0.19585591554641724,0.9200193881988525,0.4192997217178345,0.2609821557998657,-2.0353856086730957,-1.368590235710144,-0.7965068221092224,1.8790827989578247,-0.20227010548114777,0.2715979814529419,0.4906129240989685,0.6404266953468323,-0.8513976335525513,1.0885859727859497,1.3947075605392456,1.4803402423858643,-0.5028546452522278,-0.6860915422439575,0.636780858039856,1.0855673551559448,-1.712668538093567,3.203209638595581,-0.399143785238266,2.4118003845214844,-1.1631165742874146,1.0087889432907104,-1.2117664813995361,0.19160088896751404,-0.6728633046150208,1.8375788927078247,-0.7765711545944214,-1.804519772529602,-1.4141746759414673,-1.5810210704803467,0.19484178721904755,-1.6652389764785767,0.6914031505584717,0.9094629287719727,1.558792233467102,0.6504173874855042,0.04206983745098114,0.5595473051071167,-1.6576125621795654,-1.7996623516082764,0.27759963274002075,-0.10335958003997803,0.9588189721107483,-0.8873315453529358,0.3293628990650177,-0.16396166384220123,-1.2477744817733765,0.8875487446784973,-0.9371533989906311,-0.046973709017038345,-0.15114495158195496,-1.7246732711791992,0.7757701873779297,-0.8121492862701416,-0.31521764397621155,-1.7745071649551392,-2.5780680179595947,1.9825384616851807,-0.07740604877471924,-1.0061075687408447,-1.21445631980896,-0.332834929227829,0.5796589851379395,0.8562978506088257,-0.3022237718105316,0.483227014541626,-1.5116881132125854,-0.669978141784668,0.0036578094586730003,0.7893232703208923,-1.5519148111343384,-1.206117033958435,-0.015194930136203766,-0.18693554401397705,1.9662131071090698,-2.629289388656616,-2.142789125442505,-0.22739063203334808,-1.0487786531448364,-0.36315038800239563,-1.3008272647857666,-1.7286208868026733,0.47531837224960327,-1.3113527297973633,-1.3675904273986816,-0.9065837860107422,0.0693884864449501,0.7041841149330139,-0.9555841088294983,-1.8213152885437012,-1.815866231918335,-1.727942705154419,0.42038601636886597,0.6110458970069885,-0.8909038305282593,1.8107459545135498,2.582578659057617,1.6887534856796265,1.8935626745224,-0.5420811176300049,0.021742409095168114,-0.7313582301139832,2.9060750007629395,1.888445496559143,-1.7013181447982788,-2.5450868606567383,0.4154503345489502,-0.762313187122345,-0.9788116216659546,0.7806943655014038,-0.06812804192304611,-1.2724554538726807,1.4624722003936768,-0.6894345879554749,1.3903602361679077,1.0839685201644897,-1.8429782390594482,-0.04078355059027672,0.23359322547912598,-0.7325137257575989,0.7626538872718811,-0.3147318661212921,1.1372982263565063,-0.608593761920929,1.1986550092697144,2.235205888748169,0.458396315574646,1.1431125402450562,0.7377828359603882,-0.4606858491897583,-0.22239869832992554,0.9281278848648071,0.41166678071022034,0.7510366439819336,1.903414249420166,0.23069342970848083,-1.3604705333709717,0.960189938545227]}'),
(14, 'Artificial Intelligence','AI', 'EN', 4, 'BACHELOR',150, null, null, 6, 9, 'The Artificial Intelligence program at the University of South Wales is designed to provide students with a solid foundation in the principles of computer science and information systems. The program covers a wide range of topics, including programming, databases, networks, software engineering, and web development. Students will also have the opportunity to gain practical experience through a range of hands-on projects and work placements.','[{"name":"Artificial Intelligence program - USW","link":"https://www.southwales.ac.uk/courses/ba-hons-artificial-intelligence/"}]','https://firebasestorage.googleapis.com/v0/b/course-mapping-489fd.appspot.com/o/program_educations%2FEN_USW_AI.pdf?alt=media&token=55f792bd-92cd-41a0-96c3-5b267c68985d', '{\"vector\":[1.565768837928772,2.0006444454193115,-0.9227738976478577,-0.3922446668148041,-0.2806515395641327,0.07439007610082626,-1.1119664907455444,0.6321297287940979,-1.0393407344818115,-0.941635012626648,1.670123815536499,0.20366071164608002,0.60611492395401,-0.36634692549705505,-0.4892567992210388,-1.6260852813720703,-0.16716858744621277,-0.6173173785209656,2.2989208698272705,-1.4124382734298706,1.2221155166625977,0.7306627631187439,-0.8259658217430115,0.20415720343589783,0.13375815749168396,0.626002311706543,-0.5705128908157349,0.8092067837715149,-0.6071860194206238,-0.4940790832042694,-0.4481407701969147,-0.5290283560752869,-1.0928492546081543,-0.2906129062175751,-0.09441638737916946,-1.4655356407165527,-1.323356032371521,-2.2988104820251465,2.0868475437164307,0.08962754160165787,-0.6963579654693604,-2.108792781829834,0.2738644480705261,-0.1541486531496048,0.7134875059127808,-0.8848872780799866,1.075480341911316,0.9592876434326172,-1.6885684728622437,0.24887783825397491,1.6572344303131104,0.152537003159523,0.3409354090690613,1.7697550058364868,1.7524062395095825,0.8582638502120972,1.0581942796707153,1.604125738143921,0.11569919437170029,0.645734965801239,-0.05277125537395477,1.1614457368850708,-1.4788485765457153,-1.3671776056289673,0.7328558564186096,1.3307970762252808,0.5487560629844666,0.2650216817855835,0.10055582970380783,0.266203910112381,-1.3480886220932007,0.31668782234191895,1.0925335884094238,0.3804367184638977,-0.420516699552536,-1.042824625968933,0.3716984689235687,0.39724114537239075,-1.4422868490219116,1.7676867246627808,-0.02199563942849636,1.7056318521499634,-0.06964484602212906,1.1850959062576294,-1.732291579246521,0.40414121747016907,-0.07599641382694244,1.5288466215133667,-0.4483187794685364,-1.708913803100586,-1.4748154878616333,-1.2689141035079956,0.496731698513031,-0.7815499901771545,0.6858224272727966,1.0838509798049927,0.98006272315979,0.684941291809082,-1.1627148389816284,1.5659129619598389,-2.160902261734009,-1.4723374843597412,0.695569634437561,-1.0886976718902588,1.4416909217834473,-0.5935049057006836,0.4077618420124054,-0.6371949315071106,-1.2277241945266724,0.3159594237804413,-0.4617154896259308,0.4533989131450653,0.610492467880249,-1.5027657747268677,0.04959576576948166,-1.1342638731002808,0.3084329664707184,-2.8880906105041504,-1.3240166902542114,1.8066595792770386,0.2976047992706299,-0.9159532785415649,-0.812574565410614,0.2562945783138275,0.7047789692878723,0.5214576125144958,-0.7560487985610962,0.6957493424415588,-0.8958601355552673,-0.5291433334350586,-0.130218043923378,0.07488169521093369,-0.6530250310897827,-0.20428365468978882,0.4526573121547699,0.6131229996681213,2.1685879230499268,-1.7454880475997925,-2.3681187629699707,-1.4695284366607666,-0.6612824201583862,-1.1472846269607544,-0.9546729922294617,-1.5071405172348022,0.06422761082649231,-1.4093149900436401,-1.4246095418930054,-0.43887338042259216,-0.7305921912193298,0.04307582601904869,-0.05197511240839958,-1.5584461688995361,-1.218903660774231,-1.995016098022461,0.08017643541097641,0.6182817220687866,-0.8798657059669495,1.0596802234649658,1.3081740140914917,0.6604377627372742,2.1915128231048584,-0.6493142247200012,0.41487830877304077,-1.2477941513061523,1.5211505889892578,1.030281662940979,-2.6980226039886475,-1.8169336318969727,0.5242949724197388,0.3211643099784851,-0.6188199520111084,0.7597569227218628,-0.4789923131465912,-0.6046505570411682,1.1873396635055542,0.39584970474243164,1.518803596496582,1.8637570142745972,-1.8238755464553833,-0.03961993753910065,0.14530618488788605,-0.5684572458267212,1.669805645942688,0.5939557552337646,0.9716863632202148,-0.4100540578365326,0.7784146070480347,1.756708025932312,0.2746155858039856,0.8803312182426453,1.2302486896514893,0.46603888273239136,0.0322100929915905,-0.041457824409008026,0.41664886474609375,0.7954074740409851,0.8909391164779663,-0.4483840763568878,-1.440375566482544,1.8326319456100464]}'),
(15, 'Kế toán','7340301', 'VI', 4, 'BACHELOR', 150, 2019, 2025, 5, 13, null,null,'https://firebasestorage.googleapis.com/v0/b/course-mapping-489fd.appspot.com/o/program_educations%2FVN_BVH_7340301.pdf?alt=media&token=fba747cf-2488-4d0a-823b-97efa5a96c81', '{\"vector\":[0.6421099901199341,1.1093953847885132,0.9867591857910156,-1.2738986015319824,2.034834384918213,2.225818395614624,-1.4895116090774536,1.4053781032562256,0.12327436357736588,1.198647141456604,1.3630108833312988,1.234449028968811,-0.39987751841545105,0.032480958849191666,-0.13092821836471558,1.5940802097320557,-1.5757725238800049,0.20095662772655487,2.0479142665863037,-1.9004781246185303,-0.11059592664241791,-0.3272542357444763,-1.3240137100219727,-1.2890874147415161,0.3223743438720703,2.6624622344970703,0.6552556157112122,-3.350475788116455,-1.4649598598480225,-1.3550794124603271,0.6577788591384888,2.543384313583374,-0.020918572321534157,-0.31590670347213745,-0.5984617471694946,-3.0414047241210938,-2.716029405593872,-3.516728162765503,0.1961486041545868,0.101535864174366,0.7152349352836609,-0.5953737497329712,1.1369988918304443,-0.5362040996551514,-1.6104648113250732,-0.9710527658462524,3.541607141494751,-0.7385509610176086,-0.8418810963630676,0.18939471244812012,2.8804378509521484,1.001288890838623,-0.40680941939353943,2.3268799781799316,1.3112848997116089,3.7443411350250244,2.218325138092041,-1.1981010437011719,1.086676001548767,1.5447684526443481,0.1723403036594391,0.8853293061256409,-3.162698984146118,-1.276789665222168,-0.05289473757147789,2.8666908740997314,2.468449831008911,-1.4636532068252563,1.707396388053894,-2.116225481033325,0.24383826553821564,-0.9876911640167236,2.9440486431121826,-1.3635518550872803,1.4777857065200806,-0.14496006071567535,2.2697982788085938,0.8661590218544006,0.31044602394104004,-0.47637173533439636,-0.4941186010837555,0.9709199070930481,-0.22848297655582428,2.876488447189331,0.46278318762779236,-0.014679607935249805,0.5634113550186157,0.7766450047492981,-0.17909488081932068,0.06495446711778641,-0.36828356981277466,0.936913251876831,-1.5277332067489624,0.06633009761571884,-0.930274486541748,-0.7145283818244934,1.0882089138031006,0.7699053883552551,-2.0375638008117676,1.5295583009719849,-0.07440149784088135,0.4760359525680542,1.0227582454681396,1.4756016731262207,-1.7266029119491577,-0.5676429271697998,2.3627049922943115,1.4194903373718262,-1.7664859294891357,1.4021788835525513,-0.8977150917053223,-2.4020285606384277,0.2306649386882782,-0.30552050471305847,0.38740411400794983,0.44661954045295715,1.2094875574111938,-0.6170614957809448,-0.04970444366335869,0.29303067922592163,0.3833134174346924,-0.9828258156776428,-0.5916146636009216,-2.571343421936035,0.5499955415725708,0.3066568672657013,-0.4296703636646271,-2.489564895629883,-2.41798734664917,-3.2339375019073486,0.12098722159862518,2.4077162742614746,-1.3164352178573608,-0.5878739953041077,-0.7385168671607971,-0.3212030827999115,0.3401776850223541,-0.18337352573871613,0.16363118588924408,-2.163907527923584,1.3209675550460815,0.21529704332351685,-1.587814211845398,-1.5162925720214844,-1.2607313394546509,0.6532718539237976,-3.2043023109436035,-1.8886821269989014,0.7037848234176636,-0.8566906452178955,-2.4243342876434326,-3.24721622467041,-1.3557097911834717,1.2252882719039917,-0.8304364085197449,0.890283465385437,0.1080581545829773,-1.1845194101333618,1.463852882385254,0.7577646374702454,-0.16598930954933167,-1.1489137411117554,0.8210126757621765,1.195162057876587,0.8945883512496948,2.737884044647217,2.451734781265259,1.1211347579956055,-0.2414136379957199,-0.632093608379364,-3.026592493057251,1.490856647491455,-1.32268226146698,-3.776090383529663,-0.2838878631591797,1.5322835445404053,0.44412344694137573,-0.8874425292015076,1.2182871103286743,-0.23991280794143677,-0.1880810260772705,-1.0615172386169434,0.5553718209266663,0.4517742395401001,-0.8849396109580994,-1.5366828441619873,-1.6095963716506958,0.4050825238227844,-0.6779980063438416,1.0000441074371338,0.7013986706733704,1.8225079774856567,1.186562180519104,-1.3020750284194946,-2.198711633682251,-0.6177104711532593,-0.4123441278934479,3.8323404788970947,0.028125468641519547,-0.6006979942321777]}'),
(16, 'Bảo hiểm','7340204', 'VI', 4, 'BACHELOR', 110, 2019, 2022, 2, 16, null, null,'https://firebasestorage.googleapis.com/v0/b/course-mapping-489fd.appspot.com/o/program_educations%2FVN_KHA_7340204.doc?alt=media&token=bd929074-6a82-4cf0-8ec9-4dc2caa1c226', '{\"vector\":[1.6586204767227173,1.4223978519439697,-0.3008812665939331,-1.2657536268234253,-0.5740973949432373,0.36007627844810486,-1.4708082675933838,1.2906907796859741,-1.092821478843689,-0.17262305319309235,1.5679196119308472,1.4146103858947754,-0.19324477016925812,-1.0732157230377197,-3.43286395072937,-0.485731840133667,-0.04105840623378754,0.09908487647771835,1.1449644565582275,-1.012399435043335,0.5665170550346375,1.7229920625686646,-0.14471501111984253,-0.4108233153820038,-0.45693325996398926,-0.18580996990203857,-1.0331743955612183,0.9706123471260071,-1.8829656839370728,0.6291306614875793,-0.4975528120994568,-1.0932823419570923,0.2224997729063034,0.9008827805519104,-0.8398572206497192,-0.7049305438995361,-1.0297185182571411,-0.7878733277320862,2.4844276905059814,1.2895914316177368,-0.657657265663147,0.1491388976573944,0.6672559976577759,-1.0785858631134033,-0.4084821343421936,0.9359374046325684,2.061682939529419,-2.2374935150146484,1.2404212951660156,-0.5859086513519287,0.09107295423746109,0.718727707862854,0.060566917061805725,0.23596523702144623,-0.23017004132270813,-0.20159746706485748,1.2659146785736084,2.608022928237915,0.09364838153123856,0.4663018584251404,0.3734699487686157,-0.33101019263267517,-1.0150766372680664,-0.8869329690933228,0.967004120349884,1.323996901512146,-0.1016792505979538,-1.4011598825454712,0.12828151881694794,-0.6005908846855164,-0.17425134778022766,0.24283427000045776,1.695328712463379,-0.5373059511184692,-0.6222494840621948,-0.8427290320396423,0.33174923062324524,1.0777454376220703,-1.6147587299346924,1.285237431526184,1.4678752422332764,2.309664726257324,-1.3024061918258667,1.4352957010269165,0.07395999133586884,0.8691979646682739,-0.567864179611206,0.3885132074356079,-1.6156537532806396,-0.29856014251708984,-1.1950942277908325,1.2558780908584595,-0.6788219809532166,-0.7457339763641357,0.08275356888771057,-0.862200915813446,-0.12268497794866562,1.1877021789550781,0.6563153862953186,0.22825561463832855,-0.5261598229408264,-0.9597272276878357,-0.25140655040740967,0.806928813457489,0.4846968650817871,0.8364827632904053,1.5211819410324097,-0.015527219511568546,-1.2378838062286377,-0.04225567355751991,-0.4729486107826233,-0.14410851895809174,1.6048288345336914,-0.8273759484291077,-1.0224032402038574,-0.9322589039802551,-0.24216796457767487,-1.4533071517944336,-0.19098840653896332,1.5738328695297241,-0.20663204789161682,-2.010449171066284,-0.3607619106769562,0.8898613452911377,0.9560202360153198,0.0654330924153328,-1.3799676895141602,-0.9038858413696289,-2.791590452194214,-0.11667202413082123,1.1901631355285645,1.7287782430648804,-0.41335204243659973,-0.37223121523857117,-0.3298538327217102,-0.09363730251789093,0.4931972622871399,0.21161729097366333,-1.6248807907104492,-0.4682128131389618,0.3508286774158478,0.04389547184109688,-0.6121781468391418,-0.4787920415401459,0.8302251100540161,-0.27737537026405334,-1.5525145530700684,-1.108637809753418,-1.345576524734497,-0.23014073073863983,-0.45990467071533203,-1.7572321891784668,-2.760657548904419,-1.1688512563705444,1.0046535730361938,1.327833652496338,-0.05107523500919342,-0.9530042409896851,-0.7736780047416687,0.9582412838935852,0.9720814228057861,-0.18027065694332123,0.36889055371284485,-0.5322666764259338,0.9291073083877563,0.8839746713638306,0.023691043257713318,0.33021220564842224,1.4240343570709229,-1.0454397201538086,-1.3449440002441406,1.147318720817566,-0.838664174079895,-1.1680009365081787,0.7477136850357056,0.6655184030532837,-0.13913537561893463,-0.22806403040885925,0.06891555339097977,0.5473783612251282,0.38291314244270325,-0.3106015622615814,1.226165771484375,0.7718419432640076,0.009691978804767132,-0.017713285982608795,0.43619832396507263,0.9038243889808655,-0.8345751166343689,1.2299840450286865,0.4831055998802185,-0.7547534704208374,1.5119819641113281,0.6117300987243652,0.31994694471359253,1.0339338779449463,0.3127985894680023,2.3083581924438477,-0.2925483286380768,-0.15109016001224518]}');


INSERT INTO courses (id, name, code, language, university_id) VALUES
(1, 'Công nghệ phần mềm', 'INT2208', 'VI', 1 ),
(2, 'Nhập môn lập trình', 'INT1008', 'VI', 1),
(3, 'Lập trình nâng cao', 'INT2215', 'VI', 1),
(4, 'Triết học Mác-Lênin', 'PHI1006', 'VI', 1),
(5, 'Giải tích 1', 'MI1111', 'VI', 3),
(6, 'Giải tích 2', 'MI1112', 'VI', 3),
(7, 'Xác suất thống kê', 'MAT1101', 'VI', 1),
(8, 'Kinh tế học', 'NEU1111', 'VI', 2),
(9, 'Kế toán cơ bản', 'NEU1112', 'VI', 2),
(10, 'Kế toán quản trị', 'NEU1113', 'VI', 2),
(11, 'Phát triển ứng dụng web', 'INT3306', 'VI', 1),
(12, 'Nhập môn Công nghệ phần mềm', 'IT3180', 'VI', 3),
(13, 'Xác suất thống kê', 'MI2020', 'VI', 3),
(14, 'Giải tích 1', 'MAT1041', 'VI', 1),
(15, 'Giải tích 2', 'MAT1042', 'VI', 1),

(16, 'Kinh tế chính trị Mác-Lênin','PEC1008', 'VI', 1),
(17, 'Chủ nghĩa xã hội khoa học', 'PHI1002', 'VI', 1),
(18, 'Đại số', 'MAT1093', 'VI', 1),
(19, 'Vật lý đại cương 1', 'EPN1095','VI', 1),
(20, 'Vật lý đại cương 2','EPN1096','VI', 1),
(21,'Giới thiệu về công nghệ thông tin','INT1007','VI', 1),
(22, 'Tín hiệu và hệ thống','ELT2035','VI', 1),
(23, 'Toán rời rạc','INT1050','VI', 1),
(24, 'Kiến trúc máy tính','INT2212', 'VI', 1),
(25, 'Nguyên lý hệ điều hành','INT2214', 'VI', 1),
(26, 'Cơ sở dữ liệu','INT2211', 'VI', 1),
(27, 'Mạng máy tính','INT2213', 'VI', 1),
(28, 'Lập trình hướng đối tượng','INT2204', 'VI', 1),
(29, 'Tư tưởng Hồ Chí Minh','POL1001', 'VI', 1),

(30, 'Những NLCB của CN Mác-Lênin 1','SSH1110', 'VI', 3),
(31, 'Những NLCB của CN Mác-Lênin 2','SSH1120', 'VI', 3),
(32, 'Tư tưởng Hồ Chí Minh','SSH1050', 'VI', 3),
(33, 'Giải tích 3','MI1131', 'VI', 3),
(34, 'Đại số','MI1141', 'VI', 3),
(35, 'Vật lý đại cương 1','PH1110', 'VI', 3),
(36, 'Vật lý đại cương 2','PH1120', 'VI', 3),
(37, 'Tin học đại cương','IT1110', 'VI', 3),
(38, 'Toán rời rạc','IT3020', 'VI', 3),
(39, 'Nhập môn Công nghệ thông tin và thuật toán','IT2000', 'VI', 3),
(40, 'Cấu trúc dữ liệu và thuật toán','IT3011', 'VI', 3),
(41, 'Kiến trúc máy tính','IT3030', 'VI', 3),
(42, 'Kỹ thuật lập trình','IT3040', 'VI', 3),
(43, 'Nguyên lý hệ điều hành','IT3070', 'VI', 3),
(44, 'Mạng máy tính','IT3080', 'VI', 3),
(45, 'Cơ sở dữ liệu','IT3090', 'VI', 3),
(46, 'Lập trình hướng đối tượng','IT3100', 'VI', 3),
(47, 'Thuật toán ứng dụng','IT3170', 'VI', 3),
(48, 'Làm việc nhóm và kỹ năng giao tiếp','IT4480', 'VI', 3),
(49, 'Project 1','IT3150', 'VI', 3),
(50, 'Nhập môn trí tuệ nhân tạo','IT3160', 'VI', 3),
(51, 'Cấu trúc dữ liệu và giải thuật','INT2210', 'VI', 1),
(52, 'Nhập môn kỹ thuật công nghệ','ELT1007', 'VI', 1),
(53, 'Linh kiện điện tử','ELT2032', 'VI', 1),

(54, 'Điện tử cho CNTT', 'IT3420', 'VI', 3),

(55, 'Trí tuệ nhân tạo', 'INT3401E', 'VI', 1),
(56, 'Giới thiệu về trí tuệ nhân tạo','AIT1002', 'VI', 1),
(57, 'Cơ sở hệ thống máy tính', 'AIT2002', 'VI', 1),
(58, 'Lập trình trí tuệ nhân tạo','AIT3002', 'VI', 1),
(59, 'Lập trình xử lý dữ liệu','AIT2006', 'VI', 1),

(60,'Những nguyên lý cơ bản của chủ nghĩa Mác-Lênin 1', 'BAS1111', 'VI', 5),
(61, 'Tư tưởng Hồ Chí Minh', 'BAS1122', 'VI', 5),
(62, 'Giải tích 1', 'BAS1203', 'VI', 5),
(63, 'Giải tích 2', 'BAS1204', 'VI', 5),
(64, 'Đại số', 'BAS1201', 'VI', 5),
(65, 'Vật lý 1 và thí nghiệm', 'BAS1224', 'VI', 5),
(66, 'Toán rời rạc 1', 'INT1358', 'VI', 5),
(67, 'Toán rời rạc 2', 'INT1359', 'VI', 5),
(68, 'Ngôn ngữ lập trình C++', 'INT1339', 'VI', 5),
(69, 'Cấu trúc dữ liệu và giải thuật', 'INT306', 'VI', 5),
(70, 'Cơ sở dữ liệu', 'INT1313', 'VI', 5),
(71, 'Hệ điều hành', 'INT1319', 'VI', 5),
(72, 'Học máy', 'INT14153', 'VI', 5),
(73, 'Nhập môn học sâu', 'INT14154', 'VI', 5);

INSERT INTO program_education_course (id, courseId, programEducationId, compulsory, numCredits) VALUES
(1, 1, 1, true, 3),
(2,2,1,true, 4),
(3,3,1,true, 4),
(4,4,1,true,3),
(5,14,1,true,4),
(6,15,1,true,4),
(7,7,1,false,3),
(8,11,1,true, 3),
(9, 1, 2, true, 3),
(10,2,2,true, 4),
(11,3,2,true, 4),
(12,4,2,true,3),
(13,14,2,true,4),
(14,15,2,true,4),
(15,7,2,true,3),
(16,11,2,true, 3),
(17, 1, 3, false, 3),
(18,2,3,true, 4),
(19,3,3,true, 4),
(20,4,3,true,3),
(21,14,3,true,4),
(22,15,3,true,4),
(23,7,3,false,3),
(24,11,3,true, 3),
(25, 5,8,true,4),
(26, 6,8,true,4),
(27,13,8,true, 3),
(28,12,8,true,3),
(29,16,1, true,3),
(30,17,1, true, 3),
(31,18,1, true, 4),
(32,19,1, true, 3),
(33,20,1, true, 3),
(34,21,1, true, 3),
(35,51,1, true, 4),
(36,22,1, true, 4),
(37,23,1, true, 4),
(38,24,1, true, 4),
(39,25,1, true, 4),
(40,26,1, true, 4),
(41,27,1, true, 4),
(42,28,1, true, 4),
(43,29,1, true, 4),

(44,16,2, true,3),
(45,17,2, true, 3),
(46,18,2, true, 4),
(47,19,2, true, 3),
(48,20,2, true, 3),
(49,21,2, true, 3),
(50,51,2, true, 4),
(51,22,2, true, 4),
(52,23,2, true, 4),
(53,24,2, true, 4),
(54,25,2, true, 4),
(55,26,2, true, 4),
(56,27,2, true, 4),
(57,28,2, true, 4),
(58,29,2, true, 4),

(59,16,3, true,3),
(60 ,17,3, true, 3),
(61,18,3, true, 4),
(62,19,3, true, 3),
(63,20,3, true, 3),
(64,21,3, true, 3),
(65,51,3, true, 4),
(66,22, 3, true, 4),
(67,23,3, true, 4),
(68,24,3, true, 4),
(69,25,3, true, 4),
(70,26,3, true, 4),
(71,27,3, true, 4),
(72,28,3, true, 4),
(73,29,3, true, 4),

(74, 30, 8,true,4),
(75, 31, 8,true, 4),
(76, 32, 8,true, 4),
(77, 33, 8,true, 4),
(78, 34, 8,true, 4),
(79, 35, 8,true, 4),
(80, 36, 8,true, 4),
(81, 37, 8,true, 4),
(82, 38, 8,true, 4),
(83, 39, 8,true, 4),
(84, 40, 8,true, 4),
(85, 41, 8,true, 4),
(86, 42, 8,true, 4),
(87, 43, 8,true, 4),
(88, 44, 8,true, 4),
(89, 45, 8,true, 4),
(90, 46, 8,true, 4),
(91, 47, 8,true, 4),
(92, 48, 8,true, 4),
(93, 49, 8,true, 4),
(94, 50, 8,true, 4),

(95,30, 9, true, 4),
(96,31, 9, true, 4),
(97,32, 9, true, 4),
(98,33, 9, true, 4),
(99,34, 9, true, 4),
(100,35, 9, true, 4),
(101,36, 9, true, 4),
(102,37, 9, true, 4),
(103,38, 9, true, 4),
(104,39, 9, true, 4),
(105,40, 9, true, 4),
(106,41, 9, true, 4),
(107,42, 9, true, 4),
(108,43, 9, true, 4),
(109,44, 9, true, 4),
(110,45, 9, true, 4),
(111,46, 9, true, 4),
(112,47, 9, true, 4),
(113,48, 9, true, 4),
(114,49, 9, true, 4),
(115,50, 9, true, 4),

(116, 1,4,true, 3),
(117, 2,4,true, 4),
(119, 4,4,true,3),
(120, 14,4,true,4),
(121, 15,4,true,4),
(122, 7,4,true,3),
(123, 16,4,true, 3),
(124, 17, 4,true, 3),
(125, 18,4, true, 4),
(126, 19,4, true, 3),
(127, 20,4, true, 3),
(128, 22,4, true, 4),
(129, 26,4, true, 3),
(130, 28,4, true, 4),
(131, 29,4, true, 4),

(132, 55,1, true, 4),

(133, 56,4, true, 4),
(134, 57,4, true, 4),
(135, 58,4, true, 4),
(136, 59,4, true, 4),

(137,54,3,true, 4),

(138, 55, 2, true, 4),

(139, 60, 10, true, 2),
(140, 61, 10, true, 2),
(141, 62, 10, true, 3),
(142, 63, 10, true, 3),
(143, 64, 10, true, 3),
(144, 65, 10, true, 3),
(145, 66, 10, true, 3),
(146, 67, 10, true, 3),
(147, 68, 10, true, 3),
(148, 69, 10, true, 3),
(149, 70, 10, true, 3),
(150, 71, 10, true, 3),
(151, 60, 11, true, 3),
(152, 61, 11, true, 3),
(153, 62, 11, true, 3),
(154, 63, 11, true, 3),
(155, 64, 11, true, 3),
(156, 65, 11, true, 3),
(157, 66, 11, true, 3),
(158, 67, 11, true, 3),
(159, 68, 11, true, 3),
(160, 69, 11, true, 3),
(161, 70, 11, true, 3),
(162, 71, 11, true, 3),
(163, 72, 11, true, 3),
(164, 73, 11, true, 3);
